reviewId,userName,userImage,content,score,thumbsUpCount,reviewCreatedVersion,at,replyContent,repliedAt,appVersion
cf6572d1-8685-491b-bda1-ec2bf8163a3f,Irma Marlisah,https://play-lh.googleusercontent.com/a/ACg8ocK9kcfbgES-o4EWlv-xo-yv4GfyK3kf3JYyAyFp-8gwJb6WoA=mo,"Rada kesel pengen nonton, udah coba buat bayar yg perbulan tapi gak bisa""",3,0,12.4.9,2022-12-31 22:23:16,"Hai Najlan, Kami mohon maaf atas ketidaknyamannya. Silakan kirimkan email kepada kami di disneyplus.id@hotstar.com dengan nomor ponsel langganan kamu, detail perangkat (Merek/ Tipe), versi OS & versi aplikasi, nama konten dan foto dari kendala yang dialami sehingga kami dapat membantu kamu. Terima kasih",2023-01-02 14:48:58,12.4.9
6c9b654d-a180-4306-86f9-b9fdf86ce1da,Y,https://play-lh.googleusercontent.com/a-/ALV-UjU5n6S0NdWdquFLV1zNF52pHzNAbCWqdoyJTW1uCDsQ5ytiSbmr,Hebat,5,0,,2022-12-31 19:50:14,,,
64f12787-f1e3-4fdd-9be1-6fefdc7c760e,Rafqa Syamil26,https://play-lh.googleusercontent.com/a/ACg8ocLHR2ITwmKEduflJHoyx7UFAT7bOJd0MgNjQCrQq8cNMDcaRg=mo,"Ga bisa"" mutar video",1,0,,2022-12-31 18:58:09,"Hai Rafqa, mohon maaf atas ketidaknyamannya. Mohon kirimkan email kepada kami di disneyplus.id@hotstar.com dengan nomor ponsel langganan kamu, detail perangkat (make / model), versi OS & versi aplikasi, nama konten dan tangkapan layar dari kendala yang dialami sehingga kami dapat membantu kamu. Terima kasih.",2023-01-02 14:50:35,
2a0648fd-800c-42fc-bfc6-b21c77cd0cc9,Ardhy Ekanandar,https://play-lh.googleusercontent.com/a/ACg8ocI4B51M7_ILWGmSxWaNehO9ziUB8GIK1oktYOCdvbP5tW5aJQ=mo,Apk tidak guna,1,0,,2022-12-31 18:43:05,,,
eec19d5c-2174-4bc2-8675-3827658274c5,zea Hardjadinata,https://play-lh.googleusercontent.com/a/ACg8ocKtS4KzmIOSo0zGnkP_4MeOc325Vq0cpctK_u2InuFDtMwOAQ=mo,Why keris siamang tunggal upin ipin movie cant play?,3,0,12.4.9,2022-12-31 15:39:49,"Hai, mohon maaf atas ketidaknyamannya. Mohon kirimkan email kepada kami di disneyplus.id@hotstar.com dengan nomor ponsel langganan kamu, detail perangkat (make/model), versi OS & versi aplikasi, dan tangkapan layar dari kendala yang dialami sehingga kami dapat membantu kamu.",2023-01-02 14:49:24,12.4.9
ef492937-e02a-4d22-b9ab-62fe5bd3e7df,Hafidin Nuri,https://play-lh.googleusercontent.com/a/ACg8ocLTIvzL5lbrG0Jus4G5Uq8SA_ysivTumcqPIeWNELvDP9KD_ZM=mo,Mantap sih cuman masih kurang film nya,4,0,,2022-12-31 15:21:26,,,
545fd05e-0a40-4a97-9fbf-7736479a6c77,BINTANG MUSIK 2,https://play-lh.googleusercontent.com/a/ACg8ocKkTwurL4aXbjpOeCTY-V_CN80-jHtSA5J9ZkVfKPjCtADMYQ=mo,GK ada yg gratisan gak papa harus nonton iklan yg penting bisa nonton,1,0,12.4.9,2022-12-31 09:21:31,,,12.4.9
873c1f0c-b759-497b-84f7-3711983eb2ac,Adam1,https://play-lh.googleusercontent.com/a-/ALV-UjWgqXGtjQAVIM4Y-HOneZNfORX6CLnAi-qsVZEuYq_61pzbEZfT,"Cok ngapain gw beli Disney dulu, Mending beli netfilx, Film nya lengkap, Gak kayak disney",1,0,12.4.2,2022-12-31 02:18:41,,,12.4.2
7ef72937-f86c-443c-a296-b3afc2d6df50,AryaAr Maulana,https://play-lh.googleusercontent.com/a/ACg8ocKGxaZLd583a90Jkhj5Lzdj0BJHtojREKopSpiHTnd5sdqy5Q=mo,Sebenrnua sih apk ini bagus cuma nak nonton Vidio yang ku suka malah harus bayar dulu,2,0,,2022-12-31 00:19:37,,,
63dd8daf-e81d-4a17-b69e-17cf549cfee8,septio dema pratama,https://play-lh.googleusercontent.com/a-/ALV-UjWKpHAoQsD2Zqg-0dD7MzDxH00Je2rj4aqw8Xv7WMDFtJSTHLwx,Video nya putus-putus padahal udah pake wifi,1,0,12.4.9,2022-12-30 20:08:31,"Hai Septio, kami mohon maaf atas ketidaknyamanannya. Mohon informasikan kepada kami rincian kendala kamu melalui email di disneyplus.id@hotstar.com disertai nomor telepon kamu yang terdaftar, merek/tipe/model dan versi perangkat, versi Aplikasi Disney+ Hotstar, foto kendala, judul konten dan jaringan yang kamu gunakan. Terima kasih.",2023-01-02 14:55:09,12.4.9
69e43f6b-7a37-4fb0-90d2-b32d235f2ca8,chris,https://play-lh.googleusercontent.com/a-/ALV-UjUVVvRBUKyizO7NFKKebRt1YOyLMe4-RTPdmaelgXgsXDKRw7Xt,Banyak yg gak bisa di puter film¬≤ baru nya,1,0,12.4.9,2022-12-30 19:07:17,"Hai Chrisna, kami mohon maaf atas ketidaknyamanannya. Mohon informasikan kepada kami rincian kendala kamu melalui email di disneyplus.id@hotstar.com disertai nomor telepon kamu yang terdaftar, merek/tipe/model dan versi perangkat, versi Aplikasi Disney+ Hotstar, foto kendala, judul konten dan jaringan yang kamu gunakan. Terima kasih.",2023-01-02 14:53:11,12.4.9
b1614cfc-9e3d-4051-a334-7ec9f303ee88,muhamad ali,https://play-lh.googleusercontent.com/a-/ALV-UjVRXighzeEDBbXzxSSNL_faiTr5HJOWiiX_Ia4E0LRKyHEk2Q5aCg,Untuk login ke TV sungguh susah sekali,1,0,,2022-12-30 18:59:05,"Hi Ali! Sila buka aplikasi Disney+ Hotstar di TV dan kod akan dipaparkan. Layari www.hotstar.com/my/activate melalui pelayar web mudah alih/komputer. Log masuk ke akaun menggunakan nombor telefon, masukkan kod TV yang dipaparkan dan mula menonton. Layari help.hotstar.com atau emel ke disneyplus.my@hotstar.com untuk bantuan lanjut. Terima kasih.",2023-01-03 13:27:02,
8ce31d22-4cb9-4e42-80f9-f789426c87d6,Irpan S,https://play-lh.googleusercontent.com/a-/ALV-UjXXdljNHci0uZPcGKfvxZuaYoooyPZ6nVOFYliYSq4YPyO7GFaw,"Apknya bagus banget, recomend",5,2,12.4.7,2022-12-30 18:25:56,,,12.4.7
f4c81ad0-3f6a-428e-936b-5e931fc2886f,Susanto Santo,https://play-lh.googleusercontent.com/a/ACg8ocI7xWzsuCI6XFt4w1_tnQp05FXrdVhkIKN5js353p_st4Ef4Q=mo,Saya suka disney ini,4,0,,2022-12-30 17:11:10,,,
0cc103f0-6837-4b54-94ef-14b53ab5fdb5,mysee almedina,https://play-lh.googleusercontent.com/a/ACg8ocKPwb_bJ14rqWo5QtKcFTC8AHgfye-H3LBLhjgxa_Nq7eRXyg=mo,Karena ngga bisa di download padahal memo ngga penuh terus jaringan masih bagus dan stabil udah selesai download kok ada bacaan kirimkan pesan ada permasalahan gitu jadi aku kasih bintang 1,1,0,,2022-12-30 15:37:23,"Hai, untuk langkah-langkah terperinci tentang mengunduh konten, silakan kunjungi help.hotstar.com atau kirimkan email kepada kami di disneyplus.id@hotstar.com untuk bantuan lebih lanjut. Terima kasih.",2023-01-02 15:04:39,
9e0447a5-5b7b-44e1-9599-f75a9a222b18,Gruun Wolf,https://play-lh.googleusercontent.com/a-/ALV-UjWxmAp8uaUzatALIgIkef6hVBhTNsy8YbTBr28D4ZMofvoKisFc,"Gk Bisa nonton Stand By Me Doraemon, Mengecewakan!",1,0,,2022-12-30 10:31:21,,,
42fd748b-e71d-4a66-b534-4d0be88ae939,SAIF IZZUDDIN,https://play-lh.googleusercontent.com/a-/ALV-UjUaAUwT1DuVP-VZzKxsghScZ3YBreXzItycGpsru5SvIzgoOeTL,Film Marvel nya lambat update,3,0,12.4.9,2022-12-30 09:18:42,,,12.4.9
051429da-b4a7-4e6a-9b30-e11628353906,Rahmat Tri Oksi Putra,https://play-lh.googleusercontent.com/a-/ALV-UjWTVQ53NOjx_M0ZHBgEbJ6Tp9ilPAQ-a2bGj_TCq_ivX6c5ZindGQ,kualitas videnya sudah saya setel ke yang paling tinggi tapi masih buruk kualitasnya,3,0,12.4.9,2022-12-29 22:48:00,"Hai! Mohon kirimkan email di disneyplus.id@hotstar.com dengan menyertakan nomor telepon yang terdaftar di Disney+ Hotstar, merek dan versi OS perangkat, versi aplikasi, video pendek kendala yang dialami, nama jaringan yang digunakan, dan konten yang mengalami kendala. Terima kasih.",2023-01-02 14:37:19,12.4.9
d07236c5-5608-4bfb-a136-b3cc055de728,pristi wikan wiwahani,https://play-lh.googleusercontent.com/a/ACg8ocKuO7KlDe_xv8YWvrhzP6cp1dsK56mv_bf7lEtyISfN6CW9mA=mo,"Sudah berlangganan via telkomsel, tapi masih minta berlangganan terus..? Blm bisa dibuka. üò©üò§",1,0,12.4.9,2022-12-29 22:24:14,"Hai! Terkait kendala kamu tersebut, silakan kirim email kepada kami di disneyplus.id@hotstar.com dengan rincian nomor telepon berdaftar dan foto bukti pembayaran lengkap untuk bantuan lebih lanjut. Terima kasih.",2023-01-02 14:28:52,12.4.9
630f9c51-f491-48e4-be42-0eab8a17479d,M Ilham Maulana,https://play-lh.googleusercontent.com/a-/ALV-UjUpNT-TnjfwZ_Diie9vtYwEe4Mgl3ifqlrfvmbIxOU2gevpsKJO,"saya sudah beli paket Disney hostar di my telkomsel tetapi pas login, akun nya belum berlangganan, gmana nih, apakah sudah tidak bekerja sama lagi?",1,0,12.4.9,2022-12-29 21:58:26,"Hai Ilham, kami mengerti kekhawatiran terkait status langganan kamu. Sebagai informasi, paket Disney+ Hotstar melalui Telkomsel kini hanya tersedia pada paket-paket tertentu. Dengan ini, kami menyarankan kamu untuk menghubungi pihak Telkomsel secara langsung, agar mendapatkan informasi yang lebih akurat dan bantuan lebih lanjut. Terima kasih.",2023-01-02 15:31:48,12.4.9
2fa77f4e-c999-4294-8e69-d30fe32d5a6e,Azizah Alifhia Putri,https://play-lh.googleusercontent.com/a-/ALV-UjWcnyLDt1w9qboVXhwL-8cagRQuNdPk7mE7pF288ilydZqOMvno,"Semoga ditahun depan Disney+ Hoststar semakin bagus , tidak ada kenaikan tarif seperti 100k /bulan , sangat tidak di sarankan. SEMOGA LEBIH SUKSES LAGI KEDEPANNYA üî•",5,1,12.4.9,2022-12-29 20:56:06,,,12.4.9
32080bbb-25ec-4659-b36d-f78c53828df1,Bambang Susanto,https://play-lh.googleusercontent.com/a-/ALV-UjVQOKMPHYJjSdhaidMZoAl9AdXYTBW97M7EPEYkSkiFLg1spiU,Bagus...,5,0,12.4.9,2022-12-29 20:28:31,,,12.4.9
0ab49f53-e619-4474-92b8-51f4941c35dd,Najlan Paser,https://play-lh.googleusercontent.com/a/ACg8ocKR4v7n73hrNfrApvjN4gePJAMQlnyEeuhcdaTWyWTRu7tL7w=mo,"aplikasi kocak ga bakal langganan di sini lagi, udah bayar langganan tapi ga di aktifkan padahal udah komplain ke email nya juga, gada respon sama sekali, udah beberapa kali ngalamin ini, buat yang lain lebih baik gausah langganan di sini banyak bug juga",1,8,12.4.9,2022-12-29 20:25:58,"Hai Najlan, Kami mohon maaf atas ketidaknyamannya. Silakan kirimkan email kepada kami di disneyplus.id@hotstar.com dengan nomor ponsel langganan kamu, detail perangkat (Merek/ Tipe), versi OS & versi aplikasi, nama konten dan foto dari kendala yang dialami sehingga kami dapat membantu kamu. Terima kasih",2023-01-02 14:44:01,12.4.9
03f45919-a43a-49c5-a802-c186065f1ad3,Lintang Dwi Pangestu Ismaranatasia,https://play-lh.googleusercontent.com/a-/ALV-UjVJbIAFxyHK2d-xq96gEfNQMNFIfOwULs6RZmyRgxpz5nmcnzZh,"Saya sudah bayar langganan tp tidak bisa diaktivasi, sudah email cs tp tidak ada respon padahal sudah bayar sampai 2 kali ganti apk. Sangat mengecewakan!",1,7,12.4.9,2022-12-29 19:54:05,"Hai, kami mohon maaf atas kendala yang dialami. Terkait dengan hal ini, kami sudah menghubungi kamu melalui email kami, yaitu disneyplus.id@hotstar.com. Terima kasih.",2023-01-02 15:20:50,12.4.9
a0b28f31-58ee-4d71-b2d9-5869f96aabac,hiken D. kaneki,https://play-lh.googleusercontent.com/a-/ALV-UjUkEmadEwzdd3m6M0nZVQK1Z8NVVI7MllxU4o98ekVhrYblJAiC,"Maaf ini masalah hp saya ato gimana, setiap mau nonton yg muncul cuma black screen ama subtitle gak ada visualnya. Mohon segera di fiks.",5,1,12.4.9,2022-12-29 18:46:23,,,12.4.9
b5ac4279-29a1-43b4-8ed3-71cc9e0a60f7,Aman Najib,https://play-lh.googleusercontent.com/a-/ALV-UjXj3frkQMr8wElO1Wd7wZdPsNKEGpm9ux2EROs_51v8scUg1KZO,yoks mantab yah jadi gitu deh dah,4,0,12.4.9,2022-12-29 17:50:28,,,12.4.9
6ec78074-7f04-4f17-b7ea-d622d0ec56b1,Obby Jo,https://play-lh.googleusercontent.com/a-/ALV-UjXKs0zcNC_9eRRjnZfBE7dlR3ZuB0B5MRq2dUCtEr71TDCtY7TY,"Beli paket Disney melalui Mytelkomsel, 2 hari blm aktif. Pulsa sdh di debet...Komplen sana sini, ga ada tanggapan....Capeeeee deeeeh",1,1,12.4.9,2022-12-29 14:58:14,,,12.4.9
3763843f-38bd-48ba-963e-e24adc1e3bba,Debrito Batta,https://play-lh.googleusercontent.com/a/ACg8ocJpPg1E7HuyWIrIuT7p33GlM3JadJWLFBOrHhJsT6ckEYZbOQ=mo,Good,5,0,,2022-12-29 12:53:43,,,
0fe9363b-edf4-4e1d-9985-a14ccf1e28a6,Kurniawan Saputra,https://play-lh.googleusercontent.com/a-/ALV-UjVDn9D3HtzI3zfWL9cQYhIgnsMyqxJUwbZ8BU0fkJtxym_CKesu,"Kenapa Disney di tv gak bisa dan tidak connect pake Wifi juga, Sedangkan pake data bisa dan d buka di hp. Please dulu bisa di putar di tv dan pake wifi Jika saya pake data boros yang ada. Ribet banget dulu mudah dan enak kenapa sekarang makin ribet",1,61,12.4.9,2022-12-29 10:46:24,"Hai Kurniawan, mohon untuk mencoba restart ruter Wi-Fi (unplug selama 3 menit). Kemudian nyalakan dan coba untuk mengakses Disney+ Hotstar kembali. Jika kendala yang sama masih terjadi, informasikan rincian kendala kamu melalui kepada kami melalui email disneyplus.id@hotstar.com beserta nomor telepon terdaftar. Terima kasih.",2023-01-02 14:17:06,12.4.9
363c9c98-88cf-4084-945b-c61c34185965,Kembaran anna projen,https://play-lh.googleusercontent.com/a-/ALV-UjW7eMJe_Bv7YA5_fcUyx5ydnKdKcwA1aL4OTAKU7hwEPXSRy1w,"Ini kenapa sih?!! Ga bisa dibuka tulisanya ""something went wrong. Please try again"" padahal wifi saya lancar",1,1,,2022-12-29 10:31:10,"Hai! Mohon kirimkan email di disneyplus.id@hotstar.com dengan menyertakan nomor telepon yang terdaftar di Disney+ Hotstar, merek dan versi OS perangkat, versi aplikasi, screenshot kendala dialami, dan nama jaringan yang digunakan. Terima kasih.",2023-01-02 14:11:29,
dfbdac3c-d2af-4d61-9c3b-611f2f64d0c8,Windi Agustin,https://play-lh.googleusercontent.com/a/ACg8ocKD5QJJ82lgYVNVpGApgiNcKcFAjXA1lxLMHd821ADlNqD5Jg=mo,@ windi 2008 12,5,0,,2022-12-29 05:53:38,,,
6a6d39a1-a047-432f-a7a9-c1fbab5d497a,St1 Dolphin,https://play-lh.googleusercontent.com/a-/ALV-UjX2jyPOrW8jpYIPesahPI4rJ4QEGB2TTql_lDAhEzATN_HlXr6m,Overral udah bagus cuma kurang lengkap tv series nya,5,1,12.4.9,2022-12-28 20:23:46,,,12.4.9
c21ef01d-9154-4d80-94ae-65f28a24b190,Sakti,https://play-lh.googleusercontent.com/a-/ALV-UjXLV5I3q3LFwYn2PZLHDTHiXj5pFsxs_wkW2l-oddI2IlI0Pl6K,"Kecewa sih, bug yg meresahkan Hp ane pas nonton film tiba tiba delay dan udh Di close app hp ane ttp delay, alhasil harus di restart hpnya",3,0,12.4.9,2022-12-28 18:06:51,"Hai, mohon maaf atas ketidaknyamannya. Mohon kirimkan email kepada kami di disneyplus.id@hotstar.com dengan nomor ponsel langganan kamu, detail perangkat (make/model), versi OS & versi aplikasi, dan tangkapan layar dari kendala yang dialami sehingga kami dapat membantu kamu.",2023-01-02 14:06:10,12.4.9
77408b22-5c99-4aee-9997-242a6ffb26ae,Barambang Jeka,https://play-lh.googleusercontent.com/a-/ALV-UjVZ8D-9DkznIjoGPfMaOwT1Ay6GU-m4Lj3LxXhNY1hRzIGh8Y8,Jelek banget harus membayar kalau mau download padahal bagus2 filmnya,1,0,,2022-12-28 15:08:52,,,
1213b44e-19ad-41bc-bda8-c6e5dd9976b7,Kodir Zaelani,https://play-lh.googleusercontent.com/a/ACg8ocI8DopUvs94iagA80S26T24GdJH3rSnq64IgRHSQoWF_4POUQ=mo,Kenapa sih saya tidak bisa download aplikasi ini padahal udah beberapa kali coba tapi tidak bisa plis kurangi mbnya saya susah untuk mendownload nya plis kecilkan mb nya ya sekali lagi saya cuma mau kecilkan mb nya ya,1,0,,2022-12-28 14:41:13,"Hai! Agar kami dapat membantu, mohon kirimkan email kepada kami di disneyplus.id@hotstar.com berisikan nomor telepon yang terdaftar dan nama provider jaringan yang kamu gunakan serta merek dan OS perangkat yang kamu gunakan dan foto kendala yang kamu alami.",2023-01-02 15:29:33,
e0f02a37-3922-40aa-a94d-b785af503115,Muslimah Muslimah,https://play-lh.googleusercontent.com/a-/ALV-UjWYCGMBwg4hgl9feOVnxwTae7JCwu6aEz2BZzxsv2JDwUwS-JM,Bagus,3,0,,2022-12-28 14:20:13,,,
a8b44254-7c63-4e47-a8a8-2b944ac68581,UING SPOT,https://play-lh.googleusercontent.com/a-/ALV-UjV2Q-9PQVolGYKTkgsS10Em67NnE6A9p6ZCZIxelSKV73O7qd8,Setelah update malah selalu keluar sendiri kalau mau play film... Tolong diperbaiki ya... Thanks...,4,1,12.4.9,2022-12-28 12:41:17,,,12.4.9
39a6db0a-8f13-4448-8add-a4f685a51a69,sang mulya,https://play-lh.googleusercontent.com/a/ACg8ocLQ9AXMERYmFCJLgsY1ORiC_oqmF7UlgKG7faaAYOB6uTPQ2g=mo,"Tolong la kak untuk top-up nya di tambah lagi biar bisa di gunakan, bagi penguna Shopee pay atau pembayaran melalui indomaret",4,0,12.4.9,2022-12-28 09:23:27,,,12.4.9
5673e276-0ccf-423f-a535-a6be79c8b2c2,ST CELL perbatasan,https://play-lh.googleusercontent.com/a-/ALV-UjVxZctltwWKFVud85wGc0oYQlfdqSIEQgoOyycTxMRGXcqHRMmn,"Awalnya sangat kesulitan untuk login di android tv dan cuma bisa via anycast,tapi setelah lihat tutorial di ytub akhirnya berhasil juga.Sangat memuaskan, paket langganan per tahun sangat murah di banding lainya, audio dan video juga baik sekali di tempat saya, HD dan dolby atmos. Saya sarankan channel WILD ANIMAL bisa bahasa indonesia akan sangat membantu ibu saya dalam menonton.... Dan satu lagi, pembayaran via gopay sangat membantu saya yg tidak punya credit card, apalagi kalau bisa via BRI.",5,11,12.4.9,2022-12-28 08:24:53,,,12.4.9
b8606215-68c2-4983-a849-224dd5518e55,Pecel Bengi,https://play-lh.googleusercontent.com/a-/ALV-UjWQNFMWmzbPL_mSpEfjbie3IlcrwLocm1kAAYKlcYK5w68Q0PmR,Lumayan buat nonton kalau lagi gk jualan bisa nonton dirmh sambil rebahan,5,0,12.4.9,2022-12-28 05:16:02,,,12.4.9
bc3018bc-4971-4ea1-b115-5db7636b6750,Fikri Rahmatulloh,https://play-lh.googleusercontent.com/a/ACg8ocKoQUcd14cI2CkSLwHDrzr893O-2bNbDw7sY4dzyXPSBEqI5Yo=mo,tambahkan opsi milih resolusi dong,3,0,12.4.4,2022-12-28 00:01:39,"Hi, ada 4 pengaturan kualitas streaming yang tersedia - Otomatis, Tinggi, Sedang and Rendah. Klik ikon pengaturan setelah kamu mulai memutar video untuk memilih dari opsi yang tersedia.Terima kasih.",2022-12-28 14:24:09,12.4.4
2041e33f-a354-47ab-a86b-1a5a48198718,Rebecca Abigaile,https://play-lh.googleusercontent.com/a/ACg8ocKMkH5C0htgOIhgdT-IHd-2v1vsHYoJnTRRgKlJDnivGyfoiA=mo,Please help me to connect to my smart tv. When i log in to activate there only Otp directly to the web not asking me to input the 4 digit from my tv. Tolong bantu saya biar bisa nonton di tv. Tiap kali active kan di crime cuma nanya no hp saja lalu otp langsung masuk ke web nga ada kolom buat isi 4 digit di tv saya,1,1,12.4.9,2022-12-27 23:05:48,,,12.4.9
8b4e3ab4-c44f-4277-a44f-5279233126cc,Alwin Alamsyah,https://play-lh.googleusercontent.com/a-/ALV-UjX1v7n4d9cc7xFl50Oh9s9yP2A5bMsMQA6NfLYHWW2eFe1DNZCg,"Sudah berlangganan 1 tahun, tapi diminta berlangganan saat mau nonton.",1,0,12.4.9,2022-12-27 22:54:13,"Hi, kami mohon maaf atas kendala yang kamu alami. Mohon kirimkan nomor telepon yang terdaftar, bukti pembayaran saat berlangganan, dan juga foto kendala yang dialami ke disneyplus.id@hotstar.com agar kami dapat membantu kamu lebih lanjut. Terima kasih.",2022-12-28 14:35:00,12.4.9
5a403aa2-6046-439a-a8cc-744f45755b5a,Alvin Rizky,https://play-lh.googleusercontent.com/a-/ALV-UjUUinlLy8zL_duInp3TQMXrOl5MX5ioImGjRnGzADU0i7YxQ52i,"Aplikasinya bagus, Hanya saja terkadang ada beberapa bug seperti freeze, cuman tolong untuk kualitas videonya lebih di pertahankan hanya ada 3 opsi dan sekalipun pilih yang paling baik terkadang ada noise dan blur pada series/film, padahal jaringan lancar lancar saja, semoga lebih diperhatikan.",3,582,12.4.9,2022-12-27 21:56:14,"Hai Alvin, kami memohon maaf atas ketidaknyamanan yang dialami. Silakan kirimkan kendala kamu melalui email di disneyplus.id@hotstar.com disertai nomor telepon langganan, merek/model & versi OS yang digunakan, versi Aplikasi Disney+ Hotstar, video pendek kendala, judul konten, dan nama provider untuk kami dapat tindaklanjuti. Terima kasih.",2022-12-28 15:09:04,12.4.9
793f94ba-f803-40f2-84a8-d60edef74b69,Sri Wulandari,https://play-lh.googleusercontent.com/a-/ALV-UjVtfDrXzjRBlNZFfrVtbdIVPOyoKtef0H31_fsSYZ5aH4U4sEA,Good,5,0,12.4.9,2022-12-27 20:56:09,,,12.4.9
f7c3e4cb-4844-41d6-9b38-0128576e0e54,Sumarja / Wawan,https://play-lh.googleusercontent.com/a-/ALV-UjWquxl7Shnsq6F-FhMRhSfdxKujo0YH9oAuD6ZtBUMLhPQBDz0,"Saya sudah memilih paket berlangganan 1 tahun, tetapi ketika ingin menonton film saya diminta untuk berlangganan kembali. Ketika memilih paket 1 tahun tidak bisa karena anda sudah berlangganan.",2,1,12.4.9,2022-12-27 20:39:08,"Hai, Silakan kirimkan rincian kendala kamu email kepada kami di disneyplus.id@hotstar.com disertai dengan nomor telepon dan screenshot pembayaran jadi kami dapat melakukan pemeriksaan lebih lanjut. Terima kasih.",2022-12-28 14:41:43,12.4.9
1ae59e56-d234-43fb-aeb3-325f4fff8266,ishyana kusuma,https://play-lh.googleusercontent.com/a-/ALV-UjUw0nWVJU2xG5MpI5R95Kf6g3Ls7OHpELJdnK4QibBCE3IQVuOM,Ga bisa distel di tv android,1,0,12.4.9,2022-12-27 20:00:55,"Hai Ishyana, untuk bantuan lebih lanjut kamu dapat mengirimkan detail perangkat TV (Brand & model), versi OS, foto/video pendek dari kendala, provider, dan versi Aplikasi Disney+ Hotstar via email kami di Disneyplus.id@hotstar.com. Terima kasih.",2022-12-28 14:34:13,12.4.9
d5c779e2-64a9-4972-af8e-9b4978df137a,Muh. Sahril Rahim,https://play-lh.googleusercontent.com/a/ACg8ocLTYKvRSAsgq6VnmzR4-TJJvzqxjFYKppSVb9DqSrzaA75lVGA=mo,"Udah pake wifi tapi malah lag, tolong perbaiki aplikasinya...",1,0,,2022-12-27 19:37:02,,,
345981f8-ef10-488d-bd6f-317575b680a3,The‚Ä¢Shark 12,https://play-lh.googleusercontent.com/a-/ALV-UjVhw-LSE2AQzXymqaOw6nnSr-SjamY55FlXDq9dn-OwxWvJu_I,"Bagus nih aplikasi,tapi kalo ada stranger think lebih mantap nih aplikasi",4,0,12.4.9,2022-12-27 19:32:24,,,12.4.9
e41910e5-3eec-4066-bb7f-0a73386cad48,Denz,https://play-lh.googleusercontent.com/a/ACg8ocJGYfGHFN_9KieqBEGTroMjNbehVUSpawNkCSDCkvOFVTXkCnY=mo,Mantapppp,5,0,12.4.9,2022-12-27 16:58:52,,,12.4.9
b15741ba-01d3-4f79-ae4b-4d306398367b,Bustanil Arifin,https://play-lh.googleusercontent.com/a/ACg8ocIiadjVK3yVpYeS0JfVhwXtKSKhx-Q1CuPDbVga_IYNpXj2JA=mo,perbanyak lagi film¬≤ nya kaka üëç,5,0,12.4.9,2022-12-27 11:21:58,,,12.4.9
6de1602b-f589-4b84-9754-06a2f5fc38cd,Febrian Adyatama Attolibi,https://play-lh.googleusercontent.com/a-/ALV-UjVr0VeGEFOhDNYOz4biUj30DSuLdoK40HdoLimmIWt4hhMKa-H5,Fiturnya keren tapi kenapa saya ga bisa nonton saluran saya yah?,5,0,12.4.9,2022-12-27 09:18:56,,,12.4.9
c147ea41-f43a-4bf9-b1f7-dd8f8c405c77,Junaidi Junaidi,https://play-lh.googleusercontent.com/a-/ALV-UjUzz7Zi-KxUCCZGDpYYg1BJdNWxs_PXXTZXOBLseV821v_IuT8W,Tidak mendapat kode Verifikasi jd tidak bisa login,1,0,12.4.9,2022-12-26 23:08:40,"Hi, kami mohon maaf atas kendala yang kamu alami. Kamu bisa mengirimkan nomor telepon selular dan nama jaringan yang digunakan ke email disneyplus.Id@hotstar.com untuk kami lakukan pemeriksaan lebih lanjut. Terima kasih.",2022-12-28 14:18:25,12.4.9
8b0f49fe-4de1-4f70-ba70-3fe3f08185d4,Muhammad Farhan Rizky,https://play-lh.googleusercontent.com/a-/ALV-UjVzCPYoaAsBY5-N-O5kRbLBU1xdQUjtLxoF5EvaihzVT6n7Osg,Aplikasi error tidak bisa play movie sejak 2 hari ini,1,0,12.4.9,2022-12-26 22:01:52,"Hai Farhan, mohon maaf atas ketidaknyamanannya. Pastikan internet yang digunakan memiliki kecepatan 8 Mbps atau lebih. Jika masih berlanjut, kirimkan email kepada kami di disneyplus.id@hotstar.com berisi nama/tipe perangkat, versi OS dan screenshot error bagi kendala yang kamu alami agar kami dapat membuat pemeriksaan lebih lanjut. Terima kasih.",2022-12-28 14:17:26,12.4.9
0bba8bea-7846-4074-84bb-2a8678766edc,Lucifear pool,https://play-lh.googleusercontent.com/a-/ALV-UjWxYBI_QCy7cesazn3HcV7pmB-rV5m--uip0Cv8yQVcWBTn_YMO,Tidak bisa login di tv,1,0,12.4.9,2022-12-26 20:46:21,"Hai, mohon maaf atas ketidaknyamannya. Mohon kirimkan email kepada kami di disneyplus.id@hotstar.com dengan nomor ponsel langganan kamu, detail perangkat (make/model), versi OS & aplikasi, dan tangkapan layar dari kendala yang dialami agar kami dapat membantu kamu.",2022-12-28 14:31:48,12.4.9
549dd9d7-d31b-4f1b-a27a-e294323c3f0f,Ends Sabil,https://play-lh.googleusercontent.com/a-/ALV-UjWEyiQXecb8R8_2xUPOfQfbn1tCzd35hXz0Ia8gyCPMdLww3oOG,ok,5,1,12.2.3,2022-12-26 19:47:30,,,12.2.3
12f7e1c4-b5fc-4656-bbdf-5b7a49c3fc83,MazDamiz,https://play-lh.googleusercontent.com/a-/ALV-UjWgv1-kGUlLPCCwVB349i1GXaiVAEBp-qHS8lCAOm8PDeSzgg,Kok jadi lemot ya...padahal sdh didownload filmnya,1,0,,2022-12-26 18:41:58,"Hai, mohon maaf atas ketidaknyamannya. Mohon kirimkan email kepada kami di disneyplus.id@hotstar.com dengan nomor ponsel langganan kamu, detail perangkat (make/model), versi OS & aplikasi, nama konten dan tangkapan layar dari kendala yang dialami agar kami dapat membantu kamu.",2022-12-28 14:06:40,
0ce126c3-bfde-48e4-9e08-a5a4c052a149,Nurrohman Sci,https://play-lh.googleusercontent.com/a/ACg8ocLKRVUNLehdca1az0Y1DaVwH36TGI-w_dSmdf3uW8Xeqt4V_XE=mo,Baik apklikasinya,4,0,12.4.7,2022-12-26 11:41:49,,,12.4.7
b2201d68-16a2-4b0f-8652-43664aca9fc7,Reza Artamevia,https://play-lh.googleusercontent.com/a-/ALV-UjWwD1zapDzA0bV3_g3_EZKCYVqoeMTMpcUEJeJ9RTwa1Z12JA,Ga bisa log in,4,0,12.4.7,2022-12-26 10:18:22,,,12.4.7
57176577-db50-486e-89df-f3fddd13d2de,RIDWAN HASANUDDIN,https://play-lh.googleusercontent.com/a-/ALV-UjVMWGSrFL7CO1uiVK4ycnkYH2TnvtF1T-Fvy6jpvJL3n2tWEN4,"kenapa kita harus membayar untuk menonton video? saya kecewaüò†üò†.apk gak guna,",1,0,12.4.9,2022-12-26 09:06:37,,,12.4.9
8dafb4aa-1c89-47d9-ba84-68fffe9496cd,Agni Areta,https://play-lh.googleusercontent.com/a-/ALV-UjVMQHD55_uXTZZS8d_umZLJ7_IRXvb4WGfRZeL8lBzTGSSmw76m,Awal download sih masih bagus tapi setelah 7 hari pemakaian masa jadi ada iklan kalau iklannya sedikit sih gapapa tapi ini iklannya kebangetan masa setiap 1 menit iklan kalau gitu mending gausah berlangganan Disney mending netflix,1,1,12.4.7,2022-12-26 07:49:47,"Hai Agni, kami mengerti pentingnya kenyamanan dalam menonton. Terkait dengan kendala yang dialami, silakan kirimkan rinciannya melalui email ke disneyplus.id@hotstar.com disertai dengan nomor telepon, merek/tipe & versi OS perangkat, versi Aplikasi Disney+ Hotstar, dan video pendek saat iklan muncul, agar dapat kami periksa. Terima kasih.",2022-12-28 14:28:41,12.4.7
cf38bc99-8325-4ccb-88aa-05676044d2b3,Prince Amos,https://play-lh.googleusercontent.com/a-/ALV-UjUpDP8iG7-sO6A6jxVx2a6bIrUK7Am0rkIReNxuHUpowpVnkrak,Kok udah berlangganan melalui beli paket data di My Telkomsel tp tetep harus berlangganan lg? Sebelum2 g begini... Sedikit kecewa sih,2,0,12.4.9,2022-12-26 07:21:48,"Hai, kamu dapat mengaktifkan akun Disney+ Hotstar hanya dengan login ke Aplikasi atau browser Web. Jika kendala berlanjut, silakan kirimkan email kepada kami di disneyplus.id@hotstar.com disertai dengan nomor telepon dan screenshot pembayaran jadi kami dapat melakukan pemeriksaan lebih lanjut. Terima kasih.",2022-12-28 14:34:50,12.4.9
338bf5a3-69e1-479f-a98f-52d4c6dad871,Fachri Akbari,https://play-lh.googleusercontent.com/a-/ALV-UjX-IlXYwQvS0u5YwsQFm9dvYdRN9MsY7XPxfcpVEiDA8WJpohY,Resolusi udah paling tinggi tapi layarnya tetep ga HD,3,0,12.4.9,2022-12-26 03:18:46,"Hai, mohon maaf atas ketidaknyamannya. Mohon kirimkan email kepada kami di disneyplus.id@hotstar.com dengan nomor ponsel langganan kamu, detail perangkat (make/model), versi OS & aplikasi, nama konten dan tangkapan layar dari kendala yang dialami agar kami dapat membantu kamu.",2022-12-28 14:02:35,12.4.9
29f95e3e-a151-49b2-a490-8ed25feb130e,Vxxgfff senior chennel,https://play-lh.googleusercontent.com/a/ACg8ocI8Q1Vb4eAfioYcXXM8IznuBKk6xVAe_HiMRpYOMWalEvAeeQ=mo,Kok film amazing spederman ngak ada bahasa indonesia nya,1,0,12.4.9,2022-12-26 02:57:58,"Hai, Kami mengerti kamu ingin menikmati konten favorit kamu ""The Amazing Spider-Man"" menggunakan fitur pilihan dubbing Bahasa Indonesia. Kami telah menyampaikan masukan kamu ini kepada Tim terkait Disney+ Hotstar untuk dapat di tinjau lebih lanjut. Selain itu, kamu dapat menonton konten tersebut dengan subtitle Bahasa Indonesia. Terima kasih.",2022-12-28 14:11:00,12.4.9
89728083-b275-4a44-b79d-678654f8e815,Ilma Khairani,https://play-lh.googleusercontent.com/a/ACg8ocIOTp_fzmAnJK-m8VFQOtVK-gVuvm6leUsZcPw7bNqVoCrsfQ=mo,Yg mau jawab plis dong disini ada serial india anupama gk,1,0,12.4.9,2022-12-26 01:58:34,,,12.4.9
b12eee8d-05d6-4b50-885c-a8665f282faa,Ade Surya,https://play-lh.googleusercontent.com/a/ACg8ocL7W4_-xVwFb54kU9I9nAlfW_mHS-kiNaD8sY0lBJzf-IrmuQ=mo,Tolong ada kan pengaturan utk autoplay atau menonaktifkan autoplay nya,1,0,12.4.9,2022-12-25 22:34:37,"Hai Ade, kami telah mengirimkan pesan kamu kepada tim terkait kami sebagai saran dan masukan mengenai fitur autoplay. Kami akan terus meninjau ketersediaan fitur kami untuk memberikan pengalaman terbaik. Terima kasih!",2022-12-28 14:03:44,12.4.9
3363e368-1a0b-40f4-aa6c-6ebee6ac4d7b,Tiyas Aprihendi,https://play-lh.googleusercontent.com/a-/ALV-UjVMh_jeGn3pCSNhtLFth7yqhV5_PVVySumUkJu65h1wxs2xArjS,"Kenapa sering ngeblankng bisa d lihat ya,buat apa langganan tahunan klo g bisa",2,0,12.4.9,2022-12-25 20:35:54,"Hai, mohon maaf atas ketidaknyamannya. Mohon kirimkan email kepada kami di disneyplus.id@hotstar.com dengan nomor ponsel langganan kamu, detail perangkat (make/model), versi OS & aplikasi, nama konten dan tangkapan layar dari kendala yang dialami agar kami dapat membantu kamu.",2022-12-28 14:04:11,12.4.9
df2a9d59-a8e5-4c52-bab6-45813cd32ae5,Muhammad perdiasyah,https://play-lh.googleusercontent.com/a-/ALV-UjWeMlddALqitnrjpMy-4gZPFbTQWlfEfNf6BBBxWwLjtrO40v6a,Flim nya tambahin lagi min saran saya ü§£,4,0,12.4.9,2022-12-25 18:46:39,,,12.4.9
aa9ee55a-7729-4cc1-9c58-54fa24e0f4f6,Tri Rahayu,https://play-lh.googleusercontent.com/a-/ALV-UjUsUpc_-OFydaT2H2TvdALV5iuwFt_C_IyCUdlB3YScbOgAC-qE5A,"Sudah berlangganan tapi tidak bisa nonton film hanya layar hitam saja yang kelihatan tapi kalau nonton trailer lancar2 aja, itu maksudnya gimana ya, jadi merasa tertipu saya¬∞^¬∞",1,6,12.4.9,2022-12-25 18:24:27,"Hai, mohon maaf atas ketidaknyamannya. Mohon kirimkan email kepada kami di disneyplus.id@hotstar.com dengan nomor ponsel langganan kamu, detail perangkat (make/model), versi OS & aplikasi, nama konten dan tangkapan layar dari kendala yang dialami agar kami dapat membantu kamu.",2022-12-28 13:56:43,12.4.9
af1c8794-a6c0-44ee-a0cf-35737c96433d,Diofani Nawawi,https://play-lh.googleusercontent.com/a-/ALV-UjUliw3rYWbDtphSpaGfhBw6uucFWCj44K1BMiNojhvTU3XzKsDA,Tolong tambahkan lagi koleksi ANIME pada aplikasi ini,5,0,12.4.9,2022-12-25 14:52:05,,,12.4.9
f458f260-edc4-4ebc-bfa0-c23db4ae512d,firdos amoeaz,https://play-lh.googleusercontent.com/a-/ALV-UjUXkf_Lxm3dQMOVSmNyJkYMAgssyjuvxH5ou2Rgi086mE-NHNrz8Q,Good aplikasi ‚ù§Ô∏è,5,0,,2022-12-25 13:32:20,,,
d0c10939-b933-440b-b8d7-25bcb10adbdb,Angga Dwi Saputra,https://play-lh.googleusercontent.com/a-/ALV-UjVQFgV4XSvH9XR_7ZJaZ5nmDZ5fXmgn-z2576msCxZIXz4zAyyD,"Overall ya puas sih, banyak film&kartun lama yang ada disana, berharap supaya ada fitur supaya download bisa ke kartu SD, soalnya penyimpanan saya ga besar",4,0,12.4.7,2022-12-25 13:18:15,,,12.4.7
f5791195-6fad-4411-b179-ee711ac11cbc,Botem Tem,https://play-lh.googleusercontent.com/a/ACg8ocJnKhYvgzA-GnWjGnc26n3lhsPArgZbAEJ3TZxunn1zOx9lTA=mo,Aplikasinya jelek terus gak bisa di buat tonton kebanyakan iklan udah ngelek lagi üòî,1,0,,2022-12-25 13:10:15,,,
dd2e2647-d81b-4ed8-a60c-7991a6a7ece7,Salsabila,https://play-lh.googleusercontent.com/a-/ALV-UjWBxctvvTJ50lv7v72PjMxGo-HMNUR5pdALqoPXfkBVh10x0NwCYQ,cinta banget sama disneyü•∞,5,1,12.4.7,2022-12-25 12:50:20,,,12.4.7
843e5f36-08c0-45c8-88b4-a733c70bde71,Penguin Step,https://play-lh.googleusercontent.com/a-/ALV-UjUuUruk3e4pAsIQ5_ywrQ7o2bZ5ujifKp3Wm2FpaLIqQydMg5wZ,Black screen.,1,0,12.4.9,2022-12-25 11:46:12,"Hai, mohon kirimkan email kepada kami di disneyplus.id@hotstar.com dengan nomor ponsel langganan kamu, detail perangkat (make / model), versi OS & versi aplikasi, nama konten dan tangkapan layar dari kendala yang dialami sehingga kami dapat membantu kamu. Terima kasih.",2022-12-28 13:26:08,12.4.9
2ebcc918-5ecb-48a4-9ce8-4237bb8139f8,Janji Stusti,https://play-lh.googleusercontent.com/a/ACg8ocJJaDQgdVn2HxA89Fu1YM_5PKVuNAKmvXwcNTVBAEKNrhtaZg=mo,Nggak sesuai harapan,1,0,,2022-12-25 09:59:38,,,
70d680df-71c0-46e9-844a-d029adcdd1aa,ZULDAN GAMING YT,https://play-lh.googleusercontent.com/a-/ALV-UjWzx48sS9M3GW3poz5x5FD5_0CGGLBochAXfofgKWSMLWW7dgGT,Developer klo bisa tolong masukan film the doll ya üëçüèªüëçüèª,5,0,12.4.9,2022-12-25 09:52:57,,,12.4.9
273c01aa-edd5-4857-8514-b6ed9582a66b,Kurnia Aurianti,https://play-lh.googleusercontent.com/a/ACg8ocI4pigyi9skitXNrmSfeEw_K1kGZ89hbtPREcKuiHgoXzCuo94=mo,Udah beberapa kali mau minta kode sms gak masuk2 udh d coba berhari2 gak bisa. Kenapa ya? Emosi kadang,1,0,12.4.7,2022-12-25 09:33:23,"Hai Kurnia, kami mohon maaf atas kendala yang dialami. Mohon untuk memeriksa koneksi jaringan telepon kamu dan pastikan bahwa nomor telepon yang dimasukkan adalah benar. Jika kendala masih berlanjut, restart ponsel kamu dan coba log in kembali. Kamu juga boleh memilih opsi lewat IVR untuk menerima OTP. Terima kasih.",2022-12-28 13:22:50,12.4.7
07b33408-f364-445e-80f2-443f5eddd137,Rian Dolmayan,https://play-lh.googleusercontent.com/a/ACg8ocKcc4oL8kqf5Gl_4ex1kcTfSL0wiQr6sbc04N_dg55C1vNzZw=mo,"Disney ini memang Bagus, mudah, cepat, nga ribet. Nga kaya yg sebelah klo mau login aja nga bisa..",5,0,12.4.7,2022-12-25 06:42:01,,,12.4.7
6955269e-69a9-4de5-a0e8-93640ee1a364,Sadim012 Sadim012,https://play-lh.googleusercontent.com/a/ACg8ocKBoXYAGMkMMCpqWCBgTNp835dg0OCGKYtHNqmnLcYaJbOE=mo,Bagus,5,0,12.4.9,2022-12-25 01:09:58,,,12.4.9
6df621f2-e3cd-46ab-8897-5436799c9b81,Callysta Wate,https://play-lh.googleusercontent.com/a-/ALV-UjVZUgo5fTRJGP2fik-ma49wVjL3td750bsonq92dL7UELBvhg_9,suka aja,5,0,,2022-12-24 23:09:36,,,
e9b507ed-7e11-48ca-be0d-4e629341680d,Adhie Odhinx,https://play-lh.googleusercontent.com/a/ACg8ocJk41N3M81tMgPCES46H8IdDV3ESqllXUBzF1EEwSWmRbhlTQ=mo,"Update episode nya makin gak jelas , sorry 2 bintang",2,0,,2022-12-24 22:49:56,,,
162fcc81-cfe8-4dae-b09b-29d886887112,A'la Aja,https://play-lh.googleusercontent.com/a-/ALV-UjWgG5axSSNTN5AubNa_nHlAPhG4Ff-D4aGHbDSw8awqKBA6Ksk,"Kok Gak bisa ya pakek pulsa, padahal pulsa saya sudah cukup. Tapi selalu Gak bisa, katanya pulsanya ""gak cukup"" padahal lebih woy!",1,6,12.4.9,2022-12-24 22:01:24,"Hai, mohon maaf atas kendala yang dialami. Terkait dengan kendala kamu, silakan kirimkan rinciannya melalui email ke disneyplus.id@hotstar.com disertai dengan nomor telepon yang didaftarkan dan foto dari kendala, agar dapat kami periksa. Terima kasih.",2022-12-28 14:20:53,12.4.9
e3cdc76f-2e5d-443b-927d-403438bce122,‚Ä¢Milktea_‚Ä¢,https://play-lh.googleusercontent.com/a-/ALV-UjV6Vt9tugOwY5EnjoU0gpJWggI5R1zXfsvG1t5eUdN_eyCYyM-t,"Ini gmn ya?aku Mau berlangganan ,dan pembayaran nya pake pulsa,aku ambil yg perbulan bayarnya 39rb nah pulsa aku tu ada 42rb pas mau bayar eh katanya pulsa tidak mencukupi padahal pulsa aku berlebih lho trs ini gmn solusinya? Tolong ya developernya diperbaiki dan secepatnya!!!ppls bgt nih",1,7,12.4.9,2022-12-24 19:44:17,"Hai! Kami mengerti akan kekhawatiran kamu dan pentingnya kelancaran saat ingin berlangganan Disney+ Hotstar. Terkait hal ini, mohon untuk mengirimkan nomor telepon berlangganan kamu dan screenshot dari kendala ke email kami di disneyplus.id@hotstar.com untuk mendapatkan bantuan lebih lanjut. Terima kasih.",2022-12-28 14:53:17,12.4.9
747ecf7a-b258-422d-b76a-ab8a8e429d90,Rizqi Maulana,https://play-lh.googleusercontent.com/a-/ALV-UjV0uHDgiwlIs1D9q90ZDJqFyNGbuZMY4P8S3Gtjh7MIZpUzNwYB,Gak bisa download mulu padahal sudah langganan gmna sih kemarin¬≤ bagus tapi sekarang jadi gini nyesel langganan,1,1,12.4.9,2022-12-24 19:20:05,,,12.4.9
eddb3d92-2c7b-4d73-b26e-e2670f25d9e1,Intan _14,https://play-lh.googleusercontent.com/a-/ALV-UjUvkf8RUXA8RGWRWtUTkxS_7ifw2Lyakm9UWzSOaWcJkAfn6Wc,"Aplikasi nya sungguh bagus,tapi untuk harganya agak mahal bagi remaja yg belum kerja..",3,0,,2022-12-24 17:47:32,,,
c76c7775-6483-4e73-b7e5-28fb0c598714,17 Muhammad Zaky Hammam,https://play-lh.googleusercontent.com/a-/ALV-UjUsJfW4Beeyk1ckkKn8kdTS5BbN_AeQnv_h1R9Y9HWfKiaklO0q,buffering teross,1,0,12.4.9,2022-12-24 14:25:54,"Hai Zaky, Kami mohon maaf atas ketidaknyamannya. Mohon kirimkan email kepada kami di disneyplus.id@hotstar.com dengan nomor ponsel langganan kamu, detail perangkat (make / model), versi OS & versi aplikasi, nama konten dan foto/video pendek kendala yang dialami sehingga kami dapat membantu kamu. Terima kasih.",2022-12-28 13:47:17,12.4.9
42e7b7d2-5729-4558-a849-0935308a761b,Cantika Aprilia,https://play-lh.googleusercontent.com/a-/ALV-UjWp5oCv3Q3vkcEJ3JCq2ekBwnrvNBf1wQ1F6CWdnCNbP6nmLZl5,Seru cuk,5,0,,2022-12-24 10:58:45,,,
105d0291-2cad-4fdf-9383-941c6e9fbe6d,Lily MMM,https://play-lh.googleusercontent.com/a-/ALV-UjXyoLVaUJQkcmlkvFno42MjjV3_Njxz4ixw8Y4-l9Hqxp0VIAqh,"Halo admin, sy ingin memberi saran untuk menambahkan kategori berdasarkan tahun. Soalnya sy pengen nonton film marvel tp sy gak tau harus mulai dari mana dulu. Saya berharap di update selanjutnya üôè",5,0,,2022-12-24 09:21:02,,,
6cf3fdaa-481d-4ae1-8b87-025e52df106f,Saritua Sinambela,https://play-lh.googleusercontent.com/a/ACg8ocJUTH5YlUWntFrgkcVwmDvout2UjnPg-3_d40ZqoWYLUkA5sw=mo,Apk idiot...ga bisa loding,1,0,,2022-12-24 01:12:34,"Hai Saritua, mohon maaf atas kendala yang dialami. Terkait dengan kendala yang dialami, silakan kirimkan rinciannya melalui email ke disneyplus.id@hotstar.com disertai dengan nomor telepon, merek/tipe & versi OS perangkat, versi aplikasi, judul konten, video pendek dari kendala, dan nama provider jaringan, agar dapat kami periksa. Terima kasih.",2022-12-28 13:43:48,
933fa1b1-7296-4281-9100-2a3df84fdb64,Junifer Juanda,https://play-lh.googleusercontent.com/a-/ALV-UjU8DHY7CP6zkgoRnT6c5mE_Z2Z-XI5vw0-cZONVaVrcjHlwRcg,Ok,1,0,,2022-12-23 23:58:51,,,
047618d2-5ea9-4e6f-b30f-f4fd071a9bac,Yogi,https://play-lh.googleusercontent.com/a-/ALV-UjW6qtI8Zsg155gMvIfgGZVHJu2WkVaxqani7U6_TBqOKPNX4pXHug,Setelah update malah gak bs buka aplikasi,1,0,12.4.9,2022-12-23 21:48:11,"Hai Yogi, kami mohon maaf atas ketidaknyamanannya. Untuk bantuan lebih lanjut, kamu dapat kirimkan nomor telepon berlangganan, perangkat (Merek & model), versi OS, foto/video pendek dari kendala, provider, dan versi Aplikasi Disney+ Hotstar via email di disneyplus.id@hotstar.com. Terima kasih.",2022-12-28 13:54:55,12.4.9
53c2899e-74b1-4ffb-9057-07578dc3a9fc,Isa Mahendra,https://play-lh.googleusercontent.com/a/ACg8ocJyPCASTkUdUJivICUNyrPpPgOSxzq2EwRL6UyaKy15dIqK5Q=mo,Masih bisa kah langganan nya pakai Telkomsel soalnya aku mau ganti kartu Telkomsel,5,0,,2022-12-23 20:47:26,,,
f9b48f2e-19e6-4242-9c4c-bcbbfe1601af,arif rahman hakim,https://play-lh.googleusercontent.com/a/ACg8ocJRib3y9f4XINIl2tN8rpETMlQE-SBIrPiFWrJa4zgxQhP5cw=mo,Ada konten sjw,1,0,12.4.9,2022-12-23 18:27:28,,,12.4.9
83580e43-e83d-42b7-abc3-02b2a4959acc,Galih Saputra 505 (galihsaputra505),https://play-lh.googleusercontent.com/a-/ALV-UjWQOo-ae88vlFLkiEn6lOaqxMEDhoX-Q6o8uO007MZsf09rCak,Belum nonton dh disuruh bayar,1,0,,2022-12-23 15:28:11,,,
04cdc905-0de5-438c-8a9a-25b71864dfb8,Jodi Jumadil,https://play-lh.googleusercontent.com/a-/ALV-UjV51HxlHH8p4TCBlAoazm9heCDzMVmzBMOWf8YtMHBwN1PSdXw,Masukin film fast furious min,5,0,,2022-12-23 10:18:25,,,
c6fbda3b-5bea-41d4-a83d-5e190bf82b85,Ainun Fitriana,https://play-lh.googleusercontent.com/a/ACg8ocLXOrWrU9gon_00hhvO6YTXBhkQrQPjV1PrKjNZW5JEJifI4A=mo,Kenapa akun saya jadi black screen padahal koneksinya bagus,1,0,,2022-12-23 07:53:50,"Hai Ainun, kami mohon maaf atas ketidaknyamanannya. Untuk bantuan lebih lanjut, kamu dapat kirimkan nomor telepon berlangganan, perangkat (Merek & model), versi OS, foto/video pendek dari kendala, provider, dan versi Aplikasi Disney+ Hotstar via email di disneyplus.id@hotstar.com. Terima kasih.",2022-12-23 15:32:32,
7e182e92-156d-4c3b-a066-33a8d1e2e5e2,Muhamad Najib,https://play-lh.googleusercontent.com/a-/ALV-UjX-s6GXHIn4cpad-xNQJUkembJ0XYDuB6aQLtZgmsQCOHDQhoc,Bgus,5,0,,2022-12-23 00:45:58,,,
e468d3ef-d6fe-47ae-89d1-54edfc86355e,Abdul Rohman,https://play-lh.googleusercontent.com/a-/ALV-UjXxLvzZN0ewykcqUI9W0MNQsapzmbuvWoubem1i0O6zvsRFaQNv,tambah filem india nyah dong audio indo husus nyah.,5,0,12.4.9,2022-12-22 21:28:04,,,12.4.9
454e07b6-0959-4795-9374-7c232f2369ad,Sulistyo Wardoyo,https://play-lh.googleusercontent.com/a-/ALV-UjVWCNuZQafNtrjjRWjEWglB047umODjObDEx6eKgmkxIGvYH_tc,Kapok.. Nhga bisa diputer .. Cm lancar seminggu doang.. Padahal muter trailer lancar banget... Yg sudah di download pun ttp loading.. Parah banget dag,1,1,12.4.9,2022-12-22 20:36:17,"Hai Sulistyo, kami mohon maaf atas ketidaknyamanannya. Mohon informasikan kepada kami rincian kendala kamu melalui email di disneyplus.id@hotstar.com disertai nomor telepon kamu yang terdaftar, merek/tipe/model dan versi perangkat, versi Aplikasi Disney+ Hotstar, foto kendala, judul konten dan jaringan yang kamu gunakan. Terima kasih.",2022-12-23 15:32:16,12.4.9
c2113fb2-93a6-4a5e-b828-a010f25b9b1f,Surya Dorojatun,https://play-lh.googleusercontent.com/a-/ALV-UjVkBEr1kNnj74zxMveQprABFEDU7zeo79RCupiJmoBHn7BNU9qq,Kenapa saat mengirimkan kode verifikasi lewat pesan terdapat delay yang sangat lama Tolong diperbaiki lg bugnya,3,0,12.4.7,2022-12-22 20:29:45,"Hai Surya, mohon maaf atas kendala yang dialami. Mohon untuk memeriksa koneksi jaringan telepon kamu. Jika kendala masih berlanjut, restart perangkat kamu dan coba log in kembali. Kamu juga boleh memilih opsi lewat IVR untuk menerima OTP. Terima kasih.",2022-12-23 16:06:05,12.4.7
7f61c227-cf19-45c3-9e46-8761ce618a69,Ghea Borin,https://play-lh.googleusercontent.com/a-/ALV-UjWhbqVrsS89JXJagUQYQKKWo9Bz8U13JoEtdnLoVkku4qGYkHkMnQ,"ditingkatin lagi ya,bugnya masih ada gtu tapi filmnya udah bagus2 koküëç",3,0,12.4.7,2022-12-22 20:19:51,,,12.4.7
c73d2ace-3e0d-48b6-be22-1a98b4bad65c,nhia sumarni,https://play-lh.googleusercontent.com/a/ACg8ocJ6KaRczcCYgFO12TcMgokbeNF1KfUpGwerUA-nVC2m18SX2Q=mo,"Sebelum update terbaru masih bisa nonton, tp setelah update terbaru kok disuruh berlanganan lagi..padahal saya sudah berlangganan bundling paket dari telkomsel",2,0,,2022-12-22 20:11:32,"Hi Nhia, mohon kirimkan rincian kendala tersebut melalui email ke disneyplus.id@hotstar.com berisi nomor ponsel yang terdaftar dengan Disney+ Hotstar untuk kami bantu lakukan pemeriksaan. Terima kasih.",2022-12-23 15:31:20,
efb2e167-26b3-4885-8af8-e5436736772d,Bunga NR,https://play-lh.googleusercontent.com/a-/ALV-UjVeCbvD1P5IS-CdCEpMnjp4iTPbsu1hhvg4FZp6BWYyJcoz_iI3kQ,Mau login gak bisa,2,0,12.2.4,2022-12-22 18:38:31,"Hai, untuk login, silakan klik pada menu 3 baris di aplikasi dan pilih 'Login' atau klik 'Login' pada situs web. Untuk bantuan lebih lanjut, kirimkan email kepada kami di disneyplus.id@hotstar.com dengan nomor ponsel langganan kamudan tangkapan layar dari kendala yang dialami sehingga kami dapat membantu kamu.",2022-12-23 15:46:00,12.2.4
bf44f9de-b4a5-4209-9576-b96a44ef2700,Wilhelmus Batlayeri,https://play-lh.googleusercontent.com/a/ACg8ocIICziSo47vaiE2ybpKuPQy2C3LurAyk3xsHaqKAw5MBCJC3A=mo,Ok,4,0,,2022-12-22 18:28:47,,,
11a73c5b-0328-49ef-8e94-fe24fb515d6a,mimie malisa,https://play-lh.googleusercontent.com/a-/ALV-UjVSWGdXIrJZYSsdb3Mng5JQVIU6vcKKRZYrt9nBVJ7KJ-aW98Jr,Uninstal stlh tidak bisa lg pakai nonton streaming telkomsel,1,0,,2022-12-22 18:17:58,"Hai Mimie, Kami mohon maaf atas ketidaknyamannya. Mohon kirimkan email kepada kami di disneyplus.id@hotstar.com dengan nomor ponsel langganan kamu, detail perangkat (make / model), versi OS & versi aplikasi, nama konten dan tangkapan layar dari kendala yang dialami sehingga kami dapat membantu kamu. Terima kasih.",2022-12-28 14:00:18,
15757de0-f7ee-4fe1-98bb-01bc26f9df94,Deny Nugraha,https://play-lh.googleusercontent.com/a/ACg8ocJSx0HGOW0I5IdW9BbFBruKZUnjGJ9ImS-KOIN1SH1UUiLm0w=mo,"Kenapa kalo film belum beres pas mau di tonton lagi malah gabisa di tonton, sangat kecewa dengan disney+ Hotstar, aplikasi sislan",1,1,12.4.9,2022-12-22 17:09:37,"Hai Deny, kami mohon maaf atas ketidaknyamanannya. Mohon informasikan kepada kami rincian kendala kamu melalui email di disneyplus.id@hotstar.com disertai nomor telepon kamu yang terdaftar, merek/tipe/model dan versi perangkat, versi Aplikasi Disney+ Hotstar, foto kendala, judul konten dan jaringan yang kamu gunakan. Terima kasih.",2022-12-23 15:29:54,12.4.9
e810e008-e83c-482c-8b68-b9d5b47e74e9,Alfi regita,https://play-lh.googleusercontent.com/a/ACg8ocKDLOltWkFY9uGM4nxqp_Nyt5JPrMbGtSNfB2upGTN8On5HJ2o=mo,"Untuk Disney, Mengapa aplikasi eror dan bahkan tidak ada solusi Saya begitu mengandalkan disney untuk setiap tontonan menarik, aplikasi mudah dipahami dan biaya berlangganan yang terjangkau Disney tolong beri solusi, jikalau tidak bisa mungkin saya bisa mengakhiri masa berlangganan saya",2,2,12.4.7,2022-12-22 17:06:03,"Hai Alfi, kami mohon maaf atas ketidaknyamanannya. Untuk bantuan lebih lanjut, kamu dapat kirimkan nomor telepon berlangganan, perangkat (Merek & model), versi OS, foto/video pendek dari kendala, provider, dan versi Aplikasi Disney+ Hotstar via email di disneyplus.id@hotstar.com. Terima kasih.",2022-12-23 15:22:51,12.4.7
b5e3a7c0-7ef5-46ca-93d4-96546b31a06c,Rin Tohsaka channel (Rin),https://play-lh.googleusercontent.com/a-/ALV-UjUCNJO5CBhyptsoDHLeOUi3oYo0CuJ9TyYJE0Rv_QQKuGJlCW1G,Sudah lancar lagi,4,0,12.4.7,2022-12-22 15:37:57,"Hai, agar kami dapat membantu, mohon kirimkan email kepada kami di disneyplus.id@hotstar.com berisikan nomor telepon yang terdaftar dan nama provider jaringan yang kamu gunakan serta merek dan OS perangkat yang kamu gunakan dan foto kendala yang kamu alami. Terima kasih.",2022-12-22 14:22:14,12.4.7
50f2d95c-f1d7-48d2-8afe-d16a71c15a66,Purwa Ningsih,https://play-lh.googleusercontent.com/a/ACg8ocIj7bixwGgBzPlVMFzRJy-VEidm6XYw_-zNUlD-wLc8j3_now=mo,Kok eror ya kak? Dari kemarin tidak bisa untuk menonton. Padahal habis masa langganannya masih januari 2023. Ada apa ya kak?,3,0,12.4.9,2022-12-22 15:11:50,"Hai Ningsih, mohon maaf atas kendala yang dialami. Terkait dengan kendala saat menonton, silakan kirimkan rinciannya melalui email ke disneyplus.id@hotstar.com disertai dengan nomor telepon, merek/tipe & versi OS perangkat, versi aplikasi, foto dari kendala, judul konten, dan nama provider jaringan, agar dapat kami periksa. Terima kasih.",2022-12-23 15:55:36,12.4.9
353eefa2-00e8-46b4-848f-e7ed7d9e6bc9,Ahmad hidayat,https://play-lh.googleusercontent.com/a-/ALV-UjUCgbesvmGpuDFmL-cC9V3KEv2l7WTDvC_wfWOn3kMdktZ52Tl3,Nice,5,0,12.4.7,2022-12-22 15:06:01,,,12.4.7
282a6464-5968-4170-b873-7c5747365028,Muhammad Darwis,https://play-lh.googleusercontent.com/a-/ALV-UjV21cVVjyHg5F-nPAK5C8TbB41EDr_Hh_h_SMdVYF50ZA7-9D7U,dh berlangganan malah black screen,1,0,,2022-12-22 14:19:33,"Hai Darwis, kami memohon maaf atas kesulitan yang dialami. Sila emel ke disneyplus.my@hotstar.com dan sertakan nombor mudah alih langganan anda, butiran peranti (jenis/model), versi OS & versi aplikasi Disney+ Hotstar, nama kandungan dan tangkapan skrin ralat untuk bantuan lebih lanjut. Terima kasih.",2022-12-22 19:17:18,
57958a1e-2754-43ef-acc8-8cefa9250eaa,Bagas dwi pramudya,https://play-lh.googleusercontent.com/a-/ALV-UjUsBcdDrOanYYphlR5d9ntWZoWLR9mLUwOI1T8TtREDAnHljaw,Baguss,5,0,12.4.9,2022-12-22 12:39:27,,,12.4.9
b07e6aef-98b3-4d37-809d-f7f259cb6ac1,see,https://play-lh.googleusercontent.com/a/ACg8ocI8C1kA5J1jurxy5V45meZi1THp7LEe20RaN51MWmI9SzxCYg=mo,iniiiiiii kenapaaaa gaaaaa bisaaaaa diiiiii playyyyyy yaaa loadingggggg terusssss padahallll sinyaaaall bagussss!!!!!!!!!!!!!! kontollllllllll percuuumaaaa guaaaaaaa bayaarrrrrrr ngentottttttt!!!!!!!!!!!!!!,1,0,,2022-12-22 10:53:32,,,
20944b41-2a86-4f0c-a05f-009f1e83b181,Dian Dermawan,https://play-lh.googleusercontent.com/a-/ALV-UjW9Z9T8Zu2j0QOpbCfdFP_LnpOUv4aGYVW0xyb7Awjw9hOMTSVR,"Film nya itu2 aja film lama, rugi min udah bayar filmnya itu doank",1,1,12.4.7,2022-12-22 10:42:36,,,12.4.7
99b74c34-b8ee-4cf8-bc40-591dc78dd967,Ismareny1989 Bintiismuri,https://play-lh.googleusercontent.com/a-/ALV-UjVxmjPj1di-eHmitKR77fmoCqtxSNC3b2dUmFy31qPYd0omLXA,"Streamingnya bagus, biaya lebih terjangkau, daftar di perangkat manapun bisa, sekali pembayaran bisa terhubung ke semua perangkat tnpa ad paket pilihan,cukup hanya log in saja, kurangnya pilihan utk profil blum ad misal satu apk buat beberapa profil untuk anak n dewasa jadi bisa dipisah kayak netflix n untuk dewasa bisa dikunci diberi password tapi selebihnya bagus aj, oya disney Indonesia utk film yang mengarah ke lgbt lebih baik dihapus saja atau tidak usah ditayangkan..",5,1,,2022-12-22 10:00:15,,,
9eaf37ff-4a9f-4326-a17d-1bdc84b09fe5,Faiz Naufal Azka,https://play-lh.googleusercontent.com/a-/ALV-UjXmPOGZYXZyT_kTp4HQJZp-k4G7a2gs1vzaye0OAnMij_HU-eT07w,"Untuk saat ini, Disney lebih baik dari pada aplikasi streaming lainnya dan jarang terkendala",5,6,12.4.7,2022-12-22 08:52:18,,,12.4.7
21858d5e-333a-46ca-b143-4348095fcfd8,Ankha,https://play-lh.googleusercontent.com/a-/ALV-UjWMMztxNq-dStB1M1c1fSdbcJaHjm7G3Ngns5qVJyaYiMurPK9w,patah patah kayak 15fps,1,0,,2022-12-22 08:17:53,,,
0f32c467-ca01-4d0d-b910-cf90c523394d,ESSEGAMING 03,https://play-lh.googleusercontent.com/a-/ALV-UjX7_p_gAo3Zjso-m080zsC4e_wrdIqLE-zVVUpiMkCR50f9xRw,Empettttttt taeeeee,1,0,,2022-12-22 03:09:01,,,
8888207b-f480-49a9-9160-aa2a4d2aae6c,Dimas Pra,https://play-lh.googleusercontent.com/a-/ALV-UjXbk7qCtUaZNNiyaAQTC3G_EvbwGO31Y1QXoiOPNfovvBFLb6c,"Saya sudah berlangganan dengan Telkomsel, tetapi tetap tidak dapat mengakses aplikasi dan menyuruh untuk berlangganan, saya sudah mengirim email tetapi tidak di respon",4,1,12.4.7,2022-12-21 23:20:14,"Hai, kamu dapat mengaktifkan akun Disney+ Hotstar hanya dengan login ke Aplikasi atau web browser. Silakan kunjungi help.hotstar.com untuk mengetahui lebih lanjut atau kirimkan email kepada kami di disneyplus.id@hotstar.com dengan melampirkan nomor telepon yang terdaftar. Terima kasih.",2022-12-22 14:26:53,12.4.7
a05fbaa2-16bf-4fcb-b05f-b82ac13b3cab,Scholes Cleverley,https://play-lh.googleusercontent.com/a/ACg8ocJVTFhW7bPfAKQ9fPIE-nL5OL_YMXg_kx1vAwWwMzzTU_OMUg=mo,Sering gak bisa di putar filmnya... Hadeh parah polll,2,0,12.4.7,2022-12-21 21:34:53,"Hai Scholes, kami mohon maaf atas ketidaknyamanannya. Mohon informasikan kepada kami rincian kendala kamu melalui email di disneyplus.id@hotstar.com disertai nomor telepon kamu yang terdaftar, merek/tipe/model dan versi perangkat, versi Aplikasi Disney+ Hotstar, foto kendala, judul konten dan jaringan yang kamu gunakan. Terima kasih.",2022-12-22 14:33:38,12.4.7
8b63695a-89ec-47df-9f2a-524291241ca0,Ahmed Wweng,https://play-lh.googleusercontent.com/a-/ALV-UjWVmi4HwpPUk90KHZfQtrx0aWhTsKQia0dil4XV9CAjvLWi0B0,Gak bisa di buka!! Perbaiki dengan benar,1,0,,2022-12-21 21:14:08,"Hai Kurniawan, kami mohon maaf atas ketidaknyamanannya. Untuk bantuan lebih lanjut, kamu dapat kirimkan nomor telepon berlangganan, perangkat (Merek & model), versi OS, foto/video pendek dari kendala, provider, dan versi Aplikasi Disney+ Hotstar via email di disneyplus.id@hotstar.com. Terima kasih.",2022-12-22 14:30:29,
5423c01e-6fd4-4e5e-bdc5-1087dda2f43c,zainul mutaqin,https://play-lh.googleusercontent.com/a-/ALV-UjULmLfbgMfYFhCM0Qc5W8tXkJNjW6mavpwWX-lYp7BemHWehTw,"Ada indikasi LGBT nya , saat antar anak ayam ke rumahnya , masa bapak n bapak , D serial TOTS season 02 eps 15",1,0,,2022-12-21 19:16:50,,,
5055976f-5ed8-491c-b1ff-77b4b984c9a2,ahmad hidayat,https://play-lh.googleusercontent.com/a-/ALV-UjXueLWps1sj05c6iBu9KDDK16OCHIvdnbqazcWOSaIBkvAIEo8Z,Mau daftar aja susah aplikasi apa ini,1,0,12.4.9,2022-12-21 18:54:14,"Hai Ahmad, kami mohon maaf atas ketidaknyamanannya. Untuk bantuan lebih lanjut, kamu dapat kirimkan nomor telepon berlangganan, perangkat (Merek & model), versi OS, foto/video pendek dari kendala, provider, dan versi Aplikasi Disney+ Hotstar via email di disneyplus.id@hotstar.com. Terima kasih.",2022-12-22 14:24:18,12.4.9
c3593c76-0245-4de8-ae80-91c083776924,Jumanto,https://play-lh.googleusercontent.com/a-/ALV-UjUh-wvqD42Mhvob446qhxaR72QLql_Tf98R4c096tbYgL25MKw,Ok...,5,0,,2022-12-21 18:51:53,,,
5ba06856-7cdf-47f3-8747-005cb3202fda,Nur Khoiriyah Amin,https://play-lh.googleusercontent.com/a-/ALV-UjUYv-PvnaqWsKC3h70knSivyO3XeO3cRCdbiWC_OJDOKKMwoY1W,"Sudah Langganan tetapi saat aplikasi saya hapus dan ingin login kembali tidak bisa, karena otp tidak kunjung saya terima",1,1,12.4.9,2022-12-21 18:37:43,"Hai Nur, kami mohon maaf atas kendala yang kamu alami. Mohon untuk memeriksa koneksi jaringan telepon kamu dan pastikan bahwa nomor telepon yang dimasukkan adalah benar. Jika kendala masih berlanjut, restart ponsel kamu dan coba log in kembali. Kamu juga boleh memilih opsi lewat IVR untuk menerima OTP. Terima kasih.",2022-12-22 14:30:23,12.4.9
d4cab133-c2de-4c17-9efb-8a1dbd794495,Opin Jangkrik,https://play-lh.googleusercontent.com/a-/ALV-UjVD6lpPZiwKefB4tTnAuB5VyB2l_QlMq_y_UQ1idylDcNMbZiY,"Filmya bagus, harganya lebih murah daripada sebelah, Beli Paket yg 1th, sebulan make lancar, giliran bulan ke dua pas di buka aplikasinya tau2 ada notif ""Anda menggunakan VPN"" Lah kocak, padahal punya VPN juga enggak,apalagi make VPN, sampe sekarang nggak bisa dibuka, gajelas banget.",1,1,12.4.7,2022-12-21 18:08:34,"Hai Opin! Kami mengerti atas ketidaknyamanan yang kamu alami. Kelihatannya jaringan internet kamu terhubung ke server luar negeri. Terkait hal ini, mohon kirimkan nomor telepon berlangganan dan nama penyedia jaringan internet kamu ke email disneyplus.id@hotstar.com untuk bantuan lebih lanjut. Terima kasih.",2022-12-22 15:24:04,12.4.7
162661d0-3584-46ae-9671-96b9c9fd6427,Novi Novi,https://play-lh.googleusercontent.com/a-/ALV-UjVHCNqaClQxVf4isnc1y5wK2vD6yHLB6Ik5JLdCLRQ_stQ9gzEZ,Pakai Disney sudah 2 tahun tapi ini ada apa malah suru bayar lgi. Kirain cuma sekali bayarnya,1,0,12.4.7,2022-12-21 15:50:32,,,12.4.7
4848a701-b8f2-46c7-a0ef-522a822eb437,arsyila aziz,https://play-lh.googleusercontent.com/a/ACg8ocIFF9aRwAMtEt8DsXrsfs2KDr33AeTvqWWL2S3MJCGSNIEMyg=mo,"Error pl 1001 gak bisa muter film, padahal udah berlangganan, sia2 uang gue",1,0,,2022-12-21 13:52:23,"Hai, mohon maaf atas ketidaknyamannya. Mohon kirimkan email kepada kami di disneyplus.id@hotstar.com dengan nomor terdaftar kamu, detail perangkat (make/model), versi OS & aplikasi, dan tangkapan layar dari kendala yang dialami agar kami dapat membantu kamu. Terima kasih.",2022-12-22 14:33:08,
f6149f5b-5191-4e6b-8ffc-314962bb2ecf,Tio Charles,https://play-lh.googleusercontent.com/a-/ALV-UjUphWz1sUPZxuFWSywqtkTBxfukEqfCQvzpTmuXSZV7-HTyDj8,"Sejak update , video tidak bisa diputar sama sekali di S6 tab , di hp bisa putar , sudah infokan semua hal yg diminta cs disney bernama putri namun tidak ada balasan atau solusi . Biasanya nonton lancar di tab S6",2,25,12.4.9,2022-12-21 13:21:31,,,12.4.9
c6050a25-673b-4f84-b8c8-9099239a94e6,Sean Lesley,https://play-lh.googleusercontent.com/a-/ALV-UjW6ZtxJN3NB7JJb2UaD4NV7uN5mAPTMA5ynFamtg1XjVGouc3Oc,"Video qualitynya gak berfungsi, udah atur ke kualitas tinggi tetep burem banget",2,0,12.4.9,2022-12-21 10:11:00,"Hai Sean , kami memohon maaf atas ketidaknyamanan yang dialami. Silahkan email kami di disneyplus.id@hotstar.com disertai info perangkat yang digunakan (jenis/model), versi OS dan screenshot kendala (jika ada) agar kami dapat menindak lanjutinya. Terima kasih.",2022-12-22 14:20:35,12.4.9
97aa89a8-cb43-4ee3-a290-c8d4bd8ee8cb,BUDI TASMAN,https://play-lh.googleusercontent.com/a-/ALV-UjX2taleKIPcHk-LpAKqwHDEDPz2sXr-bWDJeVEtL1l5uGtp7J-H,Movie action,5,0,12.4.7,2022-12-21 09:02:45,,,12.4.7
b273810c-c9bc-465f-a483-2e23e2d7834e,Ayif Fathurahman,https://play-lh.googleusercontent.com/a-/ALV-UjW6ERvSyfvFXYiN8aGMmVuQFyhh2MblbryWT0gijfU4JxuH2Oo,amphibia 4 episode lagi lama banget updatenya padahal udah tamat,5,0,12.4.7,2022-12-21 07:42:03,,,12.4.7
5d6e5916-780a-4630-bf56-510504db1859,MU'AENI,https://play-lh.googleusercontent.com/a-/ALV-UjX8biHtLn2fg1Zyxz5kNOUr6RAuAevUGSbE6xPMP4qBir6dNTeJ,"Cara Telkomsel meraih keuntungan yaa dengan nipu. Udah beli kuota multimedia tapi tetap gabisa di pake, yg kepake malah kuota utama. Setelah kuota utama habis udah gitu aja gabisa nonton lagi, terus kuota multimedia nya buat apa? üôÇüôÇ",1,7,12.4.9,2022-12-21 05:51:13,,,12.4.9
f41727d2-ad87-4adb-be54-9ca054ce7d7c,Daffa Alif,https://play-lh.googleusercontent.com/a-/ALV-UjUoqYftgZwBb8vl0fUbt2NfFcExnPtV4gpOge7V9u_0woAnBSHg,Dri kemarin ga ada spiderman no way home..,3,0,12.4.9,2022-12-20 21:22:58,"Hai, kami mengerti ketertarikan kamu akan konten ""Spiderman No Way Home"". Terkait dengan hal ini, kami telah menyampaikannya kepada Tim terkait Disney+ Hotstar untuk dapat ditinjau. Sementara itu, kamu dapat menonton konten-konten film dan serial lainnya yang tersedia di Disney+ Hotstar.",2022-12-22 14:50:25,12.4.9
dd42db55-1950-4b00-b67c-6aa12d307032,Akbar Ma'arif,https://play-lh.googleusercontent.com/a/ACg8ocLl785mUFSALijjrscp0BVQM3zRsuycQDDCRsjmuW9dmvs3nqM=mo,"while watching the resolution often changes to low, please fix it",1,0,12.4.7,2022-12-20 16:30:05,"Hi Akbar! There are 4 streaming quality settings available - Auto, High, Medium, and Low. Click on the Settings icon after you start playing the video to select from the options available. Thank you.",2022-12-22 14:16:54,12.4.7
7f1cf509-c82e-42d5-9280-ac2875dc898f,Dava Nur Saputra,https://play-lh.googleusercontent.com/a-/ALV-UjWYZX6mDCWCMbad2tgaDzKUA_1FhJwfW8H2ed_wJENlLJWAAaXW,Saya tidak dapat memasuki aplikasi dan loading yang sangat lama dengan jaringan internet yang lancar,2,0,12.4.9,2022-12-20 13:40:37,"Hai Dava, kami mohon maaf atas ketidaknyamanannya. Mohon informasikan kepada kami rincian kendala kamu melalui email di disneyplus.id@hotstar.com disertai nomor telepon kamu yang terdaftar, merek/tipe/model dan versi perangkat, versi Aplikasi Disney+ Hotstar, foto kendala dan jaringan yang kamu gunakan. Terima kasih.",2022-12-20 15:57:40,12.4.9
9d009d8b-051b-4ac9-898b-67ca3d80e921,Rijik Abdilah,https://play-lh.googleusercontent.com/a/ACg8ocKXMUEPzaT6T7y6XhzlKIHn3SEWioPUEJ3NB8iQZK-z8av-IA=mo,Oke,5,0,12.4.7,2022-12-20 13:35:09,,,12.4.7
d3e41ca1-12b5-4d0d-b501-20925c8f2761,Tiger Clan Yogyakarta,https://play-lh.googleusercontent.com/a-/ALV-UjVIfcxWhP22PAPBvM_rcdqfpNWMm9uyEeliI0Y2S_bSSS4TLl0,"Burik, dibuka keluarnya UPSS...matamu",1,0,12.4.9,2022-12-20 12:35:18,,,12.4.9
81f02256-35a0-4e6f-b61d-5b64a30a1ba0,jammie jam,https://play-lh.googleusercontent.com/a-/ALV-UjWmHRAGl6FKpZmjpxZ-a8aDRoi9Y36J5sijl09dlltazhk551bDOg,Kenapa gabisa login ke tv ya?,1,0,12.4.7,2022-12-20 12:33:51,"Hai Darin, kami sangat menyayangkan atas kendala yang kamu alami. Terkait hal ini, mohon untuk mengirimkan email ke disneyplus.id@hotstar.com disertai dengan nomor telepon berlangganan, model/tipe TV dan versi OS yang digunakan, versi aplikasi Disney+ Hotstar kamu, foto/video pendek kendala dan nama penyedia jaringan internet kamu. Terima kasih.",2022-12-20 16:26:59,12.4.7
a41a55cd-ce05-4a1c-ae67-eac944b18152,Rina Ariyani,https://play-lh.googleusercontent.com/a/ACg8ocKq2Ggrsv7PglzdoACwzzyGPLIIMQ-1vVXLYbulgM_Ft35yMA=mo,Bagus banget aku suka,5,0,12.4.9,2022-12-20 12:02:50,,,12.4.9
08eff01a-26e5-4dc6-893c-075653f2d594,Heru Dwi pramono,https://play-lh.googleusercontent.com/a-/ALV-UjVIKu-EZmPnXvUx-E1reEp5yBYgp3930W9TkWKGgjOmjRF3fiyGLw,Harus di tambahin fitur buat masuk code ke tv biar kayak apk sebelah,5,0,12.4.7,2022-12-20 09:52:19,,,12.4.7
da90585e-5ea4-4084-932c-37b4ee119627,Hafidz Aesar,https://play-lh.googleusercontent.com/a-/ALV-UjWFLAtwa3XQAg5Vco63Tjyv9Jq38x8Ar2Uea5hwZ-ir-lhb6paKqw,Keren,5,0,12.4.9,2022-12-20 08:27:28,,,12.4.9
14a392b2-95a9-44a9-a89c-5cb08c5a9582,Unknown Bob,https://play-lh.googleusercontent.com/a/ACg8ocLe7YGiz3oiKs6rXSP94-ggvIK0GL3z-PpPeNZomCNx9AYN4w=mo,Ok,5,0,12.4.7,2022-12-19 21:27:12,,,12.4.7
d1934c77-e940-4598-8d31-fa3ac3c974e0,Alexa Wen1313,https://play-lh.googleusercontent.com/a/ACg8ocJRtoCgZ7Ecza6oUDo3_rBJboVlHuspVSryT795BpWq5v_Y0g=mo,"Udah langganan malah bug, ga bisa nonton.. Kyk nipuu aja",1,0,,2022-12-19 18:50:29,"Hai Alexa, mohon maaf atas kendala yang dialami. Terkait dengan kendala saat nonton, silakan kirimkan rinciannya melalui email ke disneyplus.id@hotstar.com disertai dengan nomor telepon, merek/tipe & versi OS perangkat, versi aplikasi, judul konten, foto dari kendala, dan nama provider jaringan, agar dapat kami periksa. Terima kasih.",2022-12-20 16:49:08,
ab1594a6-f12a-4c4a-8152-ae1653e5fa4c,Wahyu Razwi,https://play-lh.googleusercontent.com/a/ACg8ocLZYqePKzxzQhs_mz2JODn6rQsnKQYpjDLij0hBrMTVweOwMg=mo,"Kadang error, kadang buat hp ngeframe , kadang loading doang lama, hadehhhh",1,0,12.4.7,2022-12-19 17:26:44,"Hai Wahyu, kami mohon maaf atas ketidaknyamanannya. Untuk bantuan lebih lanjut, kamu dapat kirimkan nomor telepon berlangganan, perangkat (Merek & model), versi OS, foto/video pendek dari kendala, provider, dan versi Aplikasi Disney+ Hotstar via email di disneyplus.id@hotstar.com. Terima kasih.",2022-12-22 14:19:54,12.4.7
99277ee1-46c3-4c25-bb50-5a65b2176275,BIORNO Bio,https://play-lh.googleusercontent.com/a-/ALV-UjUsTtG3G7Jcd3x_2C4HozQTYXicBrDw02-C4xWIcwU3tBTBexFS,"Fitur nya sangat sedikit sesimpel ngasih judul film di beranda aja nggak ada, mengunduh di kartu eksternal juga nggak ada",1,0,12.4.7,2022-12-19 03:04:12,,,12.4.7
c9beeb32-b6cf-4a8f-87e9-3b1cfe06dde2,idris fauzi,https://play-lh.googleusercontent.com/a-/ALV-UjW9HnYE_9M0_FiN2oDp89rqNbjGCnPNQkaMTrA4fKxkIB9nu4-2,"Kalau ga niat buat apk, please hapus aja. Bikin rusak HP, gimana developerny ini?!?!? Rusak parahh,, HP gw blank 1 jam satüòï",1,0,,2022-12-18 21:04:25,,,
a2dcb167-56d1-4b3a-a7ad-3b0cedd260ab,abi dave,https://play-lh.googleusercontent.com/a-/ALV-UjXDDqMKtWvWzxlcP765Bz0CrgOZIXSXnD7xo4lcF02cuVC64fI,kenapa saya tidak bisa login ke tv android box,2,3,12.4.7,2022-12-18 20:43:50,"Halo Abi, terkait pertanyaan kamu dapat menikmati pengalaman layar lebar di Apple TV, Android TV, LG TV dan Chromecast. Untuk bantuan lebih lanjut kirimkan email kepada kami di disneyplus.id@hotstar.com. Terima kasih.",2022-12-19 14:17:55,12.4.7
69fff630-47aa-476e-85a1-d329616a4ee1,Maela sari,https://play-lh.googleusercontent.com/a-/ALV-UjV0INAGiFnXIK-9q-IvegDvwG4GUg7dSYRe-YDlVfBU_jJ9Lnq1,Coba subtitle nya dibawah semua. Jangan atas bawah bikin sakit mata,2,0,12.4.9,2022-12-18 20:38:11,,,12.4.9
503d2ee3-c355-4989-b30d-759453fe474f,Morbius93 Morbius93,https://play-lh.googleusercontent.com/a/ACg8ocJ9iNqstp7cVZ9fc9YB4XBJp-ltdPFs08UMrikvy4aIWa0bqQ=mo,Tolong diperbaiki setingan full screen untuk tablet,1,0,,2022-12-18 20:20:14,"Hi, kami memohon maaf atas ketidaknyamanan yang dialami. Silahkan email kami di disneyplus.id@hotstar.com disertai nomor berlangganan, info perangkat yang digunakan (jenis/model), versi OS, dan screenshot kendala agar kami dapat menindak lanjutinya. Terima kasih.",2022-12-19 14:19:03,
e614e86e-98eb-4962-a85a-7db44fa56137,Diva Rahma,https://play-lh.googleusercontent.com/a-/ALV-UjXZiYbKyohi1qwnQ1CHXHre5WZU6WdAXpXbPZ0kz0IW_WyPjjR2,Baguss... aplikasi legal yang lengkap film Marvel,5,0,,2022-12-18 19:45:57,,,
ec32933f-c0af-4e87-b4dd-19ee768dbf56,Auliany Ashilah Daulay,https://play-lh.googleusercontent.com/a-/ALV-UjXCiGujL4T44Hkw3X9gZ8UvljlaVKupFITaY3oi-BTkhE5KCnDW,"Aplikasinya kok jadi gini sih, biasanya aman2 aja selama make. Tampilan home jadi chanel2 india trus Tolong segera diperbaiki üôè",2,0,,2022-12-18 19:25:56,"Hai! Agar kami dapat membantu, mohon kirimkan email kepada kami di disneyplus.id@hotstar.com berisikan nomor telepon yang terdaftar dan nama provider jaringan yang kamu gunakan serta merek dan OS perangkat yang kamu gunakan dan foto kendala yang kamu alami. Terima kasih.",2022-12-19 14:21:01,
173a29f8-9e4a-49fa-af6c-970eb6c8ea99,J D,https://play-lh.googleusercontent.com/a/ACg8ocKfVta_e0VcYByaC4OpTqPphIUy7BKmnnnGeSz2HA37UpFdwBs=mo,Aplikasi ni sangat bagus,5,0,12.4.7,2022-12-18 18:04:30,,,12.4.7
0af9dfe2-0a9e-4da4-ab92-608df1e6d25c,Yanuar Muharamsyah,https://play-lh.googleusercontent.com/a/ACg8ocIlMSsgg5xKSGY_vSU6Lx4ilVtZxC63NbTtUXh4HdJuLNhzwQ=mo,Banyak bug video ga bisa diputar loading mulu padahal jaringan bagus,2,0,12.4.7,2022-12-18 18:00:30,"Hi, kami memohon maaf atas ketidaknyamanan yang dialami. Silahkan email kami di disneyplus.id@hotstar.com disertai nomor berlangganan, info perangkat yang digunakan (jenis/model), versi OS dan screenshot kendala (jika ada) agar kami dapat menindak lanjutinya. Terima kasih.",2022-12-19 14:14:29,12.4.7
3fa406bf-2c1b-43ec-baa1-07f5d89ca79c,Ariyo Bagus,https://play-lh.googleusercontent.com/a-/ALV-UjVkZOfSipeNh3NqqrVtaTn6y7DW0YlkGow3PXYpBH5OtqzOWMAf,Terlalu banyak serial LGBT..,2,1,12.4.7,2022-12-18 17:45:27,,,12.4.7
e94408aa-05b3-459f-8d2e-e02ccc05651e,Alan Humble,https://play-lh.googleusercontent.com/a/ACg8ocKtEmEhilPtDC9Evg_9uiIaJZzu_6O2l1NQqu7-6XqQCdnkhQ=mo,S3ngaja saya kasih bintang 1,1,0,,2022-12-18 15:27:58,,,
9c949203-d2f0-42cd-a25b-3c5cfeb6ff3f,Muhammad Iqbal,https://play-lh.googleusercontent.com/a/ACg8ocKZw9LEi75gqw4n0ClGT7Ha8MB54WW5x-3fOmDs_VdN0_wWuPc=mo,Saya tidak suka. Dikerenakan tidak ada film perang.saya suka film perang perangan namun ini kurang lengkap:F,2,0,12.4.9,2022-12-18 14:34:52,"Hai Iqbal, kami terus meninjau penawaran konten kami untuk memberi kamu pengalaman terbaik. Kami telah menyampaikan permintaan kamu kepada tim konten kami. Sementara itu, silakan nikmati konten lainnya yang saat ini tersedia di Disney+ Hotstar. Terima kasih.",2022-12-19 14:18:46,12.4.9
81c767da-1416-4338-9147-9dd951a67711,ridho Adi pratama,https://play-lh.googleusercontent.com/a/ACg8ocI3mj7SKHFASOEqCPU7ROPwfxgMpgb0McC1qfwaSeSbXQSdMw=mo,aplikasinya bagus tapi sayang film kartunnya kurang lengkap,3,0,12.4.7,2022-12-18 14:16:26,,,12.4.7
a5e9a7bc-4e5e-4c61-8edf-839165c6b597,Bagoes sasmbodo,https://play-lh.googleusercontent.com/a-/ALV-UjU5mSU7J--qAfchqXkKwlHG19Qs5XMrsSR1Cqi9c3ouNiZSQjNS,"Sekarang lebih buruk,sya berhenti lngganan saja",1,0,12.4.9,2022-12-18 13:58:29,"Hai Bagoes, kami memohon maaf atas ketidaknyamanan yang kamu alami. Terkait hal ini, mohon informasikan secara detail kepada kami di email disneyplus.id@hotstar.com disertai dengan nomor telepon yang terdaftar dan bukti pembayaran agar kami dapat membantu kamu lebih lanjut. Terima kasih.",2022-12-19 15:02:24,12.4.9
513911cf-ac08-46f7-92d3-a1ba0984bd6e,lollipop blackwhite,https://play-lh.googleusercontent.com/a/ACg8ocJRBbmjO3A-E7oG-5BtPcTT8tYQNL-hkATDgd_TO-f6GHbaRw=mo,"Pemotongan tanpa diberitahukan, aplikasi sialan",1,0,,2022-12-18 13:32:25,,,
506ef339-95e8-4092-9003-12dd89a822d7,Dzumaliyah,https://play-lh.googleusercontent.com/a/ACg8ocLb8_CUxQuZLQZSq_ysxUSJtTakkcJO4vTvn__qN3XQmCsLL-A=mo,kok gabisa dibuka ya? pasti ada kesalahan trs padahal udh tak uninstall trs download lg tp ttp gabisa dibuka,3,0,12.4.7,2022-12-18 12:12:00,"Hi, kami memohon maaf atas ketidaknyamanan yang dialami. Silahkan email kami di disneyplus.id@hotstar.com disertai nomor telepon terdaftar, info perangkat yang digunakan (jenis/model), versi OS dan screenshot kendala (jika ada) agar kami dapat menindak lanjutinya. Terima kasih.",2022-12-19 14:07:27,12.4.7
23ff8eb9-45cb-43fc-8d09-991d3f017dcc,Oskar Waluyo,https://play-lh.googleusercontent.com/a/ACg8ocI_SAbCnn1WnDA7zuHb2c8Bn2LN7QoGrb1eLePNmxgc4-oMaQ=mo,"Uninstall aja aplikasi tidak berguna, rugi kuota download nih aplikasi. Mau login susah. Giliran dah login malah gak bisa diputar filmnya. Dulu bagus sekarang jeleknya minta ampun nih aplikasi.",1,0,12.0.0,2022-12-17 22:43:11,"Hai! Kami mohon maaf atas kendala yang kamu alami. Agar kami dapat membantu, mohon kirimkan email kepada kami di disneyplus.id@hotstar.com berisikan nomor telepon yang terdaftar dan nama provider jaringan yang kamu gunakan serta merek dan OS perangkat yang kamu gunakan dan foto kendala yang kamu alami. Terima kasih.",2022-12-19 14:13:13,12.0.0
e56dd409-dcdd-489d-942e-94e9b81230f7,Denny S Indriawan,https://play-lh.googleusercontent.com/a-/ALV-UjU_0HXD0FgTm1xt3GRt097rXY02QytW5o5fR1GWStByNgziwxjr,"Black screen saat streaming film, masalah sepertiny ada pada apk ny",2,0,12.4.7,2022-12-17 22:23:14,"Hai! Agar kami dapat membantu, mohon kirimkan email kepada kami di disneyplus.id@hotstar.com berisikan nomor telepon yang terdaftar dan nama provider jaringan yang kamu gunakan serta merek dan OS perangkat yang kamu gunakan dan foto kendala yang kamu alami. Terima kasih",2022-12-19 14:10:48,12.4.7
62cc9c4f-2b87-49bb-8980-60b40ff9e149,Muhammad Fahri Akbar 05,https://play-lh.googleusercontent.com/a-/ALV-UjXjCJUQBjUE_G6_6EixpNpsIOjGqcuJqrGkXiaWUx6LVXx4suWF,"Mengecewakan,mau login ke tv aja harus ke web dah gitu kalau pake hp android ga bakal muncul buat masukin kode ke tv nya ,Masa iya harus pake hp ip/laptop atau PC dulu , MENGECEWAKAN.",2,0,12.4.9,2022-12-17 22:21:40,"Hai Fahri, kami mohon maaf atas ketidaknyamanannya. Mohon informasikan kepada kami rincian kendala kamu melalui email di disneyplus.id@hotstar.com disertai nomor telepon kamu yang terdaftar, merek/tipe/model dan versi perangkat, versi Aplikasi Disney+ Hotstar, foto kendala, jaringan yang kamu gunakan. Terima kasih.",2022-12-19 15:14:41,12.4.9
04f730f5-12df-41a3-a6ea-4607d0aed8de,Trio J,https://play-lh.googleusercontent.com/a-/ALV-UjVFB97UVC6UjjAAjPAISJtP3WdKl2na4zeDZo7-W1cWRhvXIdo,Mantab,5,0,12.4.7,2022-12-17 21:30:54,,,12.4.7
3823483b-6939-4f3d-b74b-8f886d262ba4,Rizky Official,https://play-lh.googleusercontent.com/a-/ALV-UjVGcCUMp_P4D60wTMzKBMY-L2YHkA3iXzMTm096VuCG-0dxGhVN,Uda seminggu ga bisa diputer. Apa apan ini aplikasi segini pake fold Masi aj bug,1,1,12.4.7,2022-12-17 20:54:41,"Hai Rizky, kami mohon maaf atas ketidaknyamanannya. Mohon informasikan kepada kami rincian kendala kamu melalui email di disneyplus.id@hotstar.com disertai nomor telepon kamu yang terdaftar, merek/tipe/model dan versi perangkat, versi Aplikasi Disney+ Hotstar, foto kendala, judul konten dan jaringan yang kamu gunakan. Terima kasih.",2022-12-19 13:57:25,12.4.7
9a888aba-bef0-49ab-96dd-b564fe3eac2d,kadek moyo,https://play-lh.googleusercontent.com/a-/ALV-UjUTwPy7Bp0ytrb1Na_rra_iAuvTeBXcLpTGV21UJMA3PqZqaKfS,Aplikasi error tidak bisa berlangganan,1,0,12.4.7,2022-12-17 19:30:36,"Hai, terima kasih atas ketertarikan kamu terhadap Disney+ Hotstar. Ikuti langkah-langkah pendaftaran di help.hotstar.com untuk membantu kamu mulai berlangganan atau kirimkan email kepada kami di disneyplus.id@hotstar.com untuk bantuan lebih lanjut. Terima kasih.",2022-12-19 14:07:26,12.4.7
10374163-7a6a-4da4-ad5f-e8a7a26bd94a,Ro,https://play-lh.googleusercontent.com/a/ACg8ocKqdUfZTK9zlbziDsYS4_qxw1FdtYhWu5Wfy_9UWAp2iLAYLeI=mo,mau nonton vidio offline malah loading terus hahahah,1,0,12.4.9,2022-12-17 12:38:34,"Hai Farhan, kami mohon maaf atas ketidaknyamanannya. Mohon informasikan kepada kami rincian kendala kamu melalui email di disneyplus.id@hotstar.com disertai nomor telepon kamu yang terdaftar, merek/tipe/model dan versi perangkat, versi Aplikasi Disney+ Hotstar, foto kendala, judul konten dan jaringan yang kamu gunakan. Terima kasih.",2022-12-19 13:55:43,12.4.9
8612ae9c-25ef-462a-b69f-c37f632e995a,Siska Setiyani,https://play-lh.googleusercontent.com/a-/ALV-UjU6mSRjyWzChNNEt3ClbsdV1w8qRcqV6Vl-xbLuegR2FicnDBPt,Mantappppppp.. terbaik pokoknya,5,0,12.4.7,2022-12-17 11:50:09,,,12.4.7
c12f2d4e-7d3e-4edf-ae8e-353886a7c8cf,Agustine Widya,https://play-lh.googleusercontent.com/a/ACg8ocIzAbuep5TMS-auu2mYVnyyKU5-z3-Etu1VGBa-ZTYFEmLkMPiG=mo,Padahal filmnya bagus2 tapi pas mau payment ngga bisa muluu,4,0,12.4.7,2022-12-17 11:41:38,,,12.4.7
5707c677-e1dd-47ee-afe7-f439756bbcee,Munawarah Munawarah,https://play-lh.googleusercontent.com/a/ACg8ocLpzQ_eF7jcpr5BSd_YMMdoqY_6NfpCj5BITVQElwW6gc_-BA=mo,"Saya udah langganan 1 tahun baru mau dipakai dsruh langganan lagi, aplikasi menguras uang ajah, saldo gue terpotong 199.000 tapi aplikasi nggak mau kepakaiüëé",1,0,12.4.7,2022-12-17 06:51:03,"Hai, silahkan email kami di disneyplus.id@hotstar.com disertai dengan nomor ponsel dan screenshot bukti pembayaran yang terdapat didalamnya nomor rujukan merchant (Merchant ID) untuk kami dapat membantu kamu lebih lanjut. Terima kasih.",2022-12-19 13:53:25,12.4.7
50b53795-cf5f-4049-9040-8353ee4fd11c,Nayla Ollivia,https://play-lh.googleusercontent.com/a-/ALV-UjXux8YHw8GR8GuxPiKvpZm8wiWaX6GsZ5cSbbfEoc94rywXuCzn,Hooh,4,0,,2022-12-17 06:49:24,,,
22fc53b6-21d8-4c75-bba5-7079e0ed5489,Rama Nuryana,https://play-lh.googleusercontent.com/a/ACg8ocK9szp5XopR2ABh3I5RL4wXaM-Bumn2h6ARqy5FCVjKyi-l=mo,Kenapa sih baru setengah nontn langsung bug black screnn ga guna dasar,1,0,12.4.7,2022-12-17 01:20:52,"Hai Rama, kami mohon maaf atas ketidaknyamanannya. Mohon informasikan kepada kami rincian kendala kamu melalui email di disneyplus.id@hotstar.com disertai nomor telepon kamu yang terdaftar, merek/tipe/model dan versi perangkat, versi Aplikasi Disney+ Hotstar, foto kendala, judul konten dan jaringan yang kamu gunakan. Terima kasih.",2022-12-19 13:53:43,12.4.7
1a353804-5caf-424f-9b3e-d83139c3b1a0,Jesslyn Cahyadi,https://play-lh.googleusercontent.com/a/ACg8ocINfdo8xfaGKUj4JjqOLP_vQi8Z7Ic2DFHbFCsLBC_nEVMYVSQ=mo,Keren bisa nonton apa aja tapi sayang gak bisa nonton Harry Potter yaudah lah yang penting seruuüòÉüòÉüòÉ pakek kartu kredit bayarnya yaüëçüëç,3,0,12.4.6,2022-12-17 00:25:02,,,12.4.6
ffd38cce-5d96-4126-9f48-b3fbdb9bfc2e,goval akbar,https://play-lh.googleusercontent.com/a/ACg8ocJgyseqcNSmbId9FYnijps8GuJtD0pwd1LbZXJSWbOR87sa3w=mo,Sia sia isi shope pay sama pulsa buat langganan tp malah gak bisa,1,0,12.4.7,2022-12-16 23:08:08,"Hai! Agar kami dapat membantu, mohon kirimkan email kepada kami di disneyplus.id@hotstar.com berisikan nomor telepon yang terdaftar dan nama provider jaringan yang kamu gunakan serta merek dan OS perangkat yang kamu gunakan dan foto kendala yang kamu alami. Terima kasih.",2022-12-19 13:59:36,12.4.7
ca0fe7bd-b4c8-4a44-a218-a5119f868f0a,Supian,https://play-lh.googleusercontent.com/a-/ALV-UjUOAlCryjitCeDH_ygQayIhbbPa6E9U5PzDezvOFkG28FplUwEBPw,mantap,5,0,12.4.7,2022-12-16 21:20:34,,,12.4.7
6b79f248-faf4-455f-8225-aaaf42314857,Sri Aidiyati Ningrum,https://play-lh.googleusercontent.com/a-/ALV-UjU9TEbwGL3GE3m2WO5cbUrAm-uVwHsMbbWg4vezjigpSm3UxuI,Aplikasi nya jelek banget film2 yang sudah di download tidak bisa diputar lagi. Minta tolong diperbaiki,1,4,12.4.9,2022-12-16 20:34:47,"Hai, untuk langkah-langkah terperinci tentang mengunduh konten, silakan kunjungi help.hotstar.com atau kirimkan email kepada kami di disneyplus.id@hotstar.com untuk bantuan lebih lanjut.",2022-12-19 13:50:17,12.4.9
0d620f9b-b416-4087-9c8b-864af9bb24be,Dita Anggraini Wibowo,https://play-lh.googleusercontent.com/a/ACg8ocKvzvO5u0G9CbpETJjfgv5XjbU-qQF2C9CBxohz2UmUEzzGkg=mo,"Kenapa ga bisa login, gangguan terus",1,1,,2022-12-16 20:07:16,"Hai Dita, mohon maaf atas kendala yang dialami. Terkait dengan kendala saat log in, silakan kirimkan rinciannya melalui email ke disneyplus.id@hotstar.com disertai dengan nomor telepon, merek/tipe & versi OS perangkat, versi aplikasi, foto dari kendala, dan nama provider jaringan, agar dapat kami periksa. Terima kasih.",2022-12-19 13:51:10,
8063c498-e38b-461e-b501-8ad09d0d90cd,Devdev Afiani,https://play-lh.googleusercontent.com/a-/ALV-UjXsVE9S4aOoTurkazRel1PsM6z-QZPZVQvMnQeAgWdL5RAnthQ,baik,5,0,12.4.9,2022-12-16 19:52:09,,,12.4.9
98851aac-cc2b-41e0-9472-6fcff262e802,Milah Rodiatul,https://play-lh.googleusercontent.com/a/ACg8ocJtArbX7To4xaNf0F3pr0O8QFakV064T-t8GEEj5wKK4xennA=mo,"KESEL BANGET PADAHAL APK NYA UDH DI HAPUS, TAPI MALAH KE POTONG OTOMATIS LANGGANAN NYA.",1,1,12.4.7,2022-12-16 19:51:29,"Hai! Kami memohon maaf atas ketidaknyamanan yang dialami. Agar kami dapat melakukan pemeriksaan lebih lanjut, silakan email kami di disneyplus.id@hotstar.com dengan menyertakan nomor telepon terdaftar dan screenshot bukti pembayaran yang terdapat didalamnya nomor rujukan merchant (Merchant ID). Terima kasih.",2022-12-19 14:22:33,12.4.7
b61118f7-32bf-4a08-8dda-4f39abc05903,WdGH mm Egg bg,https://play-lh.googleusercontent.com/a/ACg8ocI5c8uXE9BsMaRZffqt6DOW0gLzPfFtJFME2bgDrwnXzuKu_g=mo,WWE raw üôèüò•,5,0,12.4.7,2022-12-16 14:07:24,,,12.4.7
c9ffeb11-be99-4c20-aee7-84a8161c7fbd,Ridwan Drajad,https://play-lh.googleusercontent.com/a-/ALV-UjUIwMN0NjAefvdGve13tSjTH9R964MKAs__Ceymp-xe4Ym5R-6B_A,Minta kode OTP berasa lagi ngemis. Udah submit berkali kali tetep gak dikirim.,1,0,12.4.7,2022-12-16 11:35:49,"Hai Ridwan, kami mohon maaf atas ketidaknyamanannya. Mohon informasikan kepada kami rincian kendala kamu melalui email di disneyplus.id@hotstar.com disertai nomor telepon kamu yang terdaftar dan nama provider yang kamu gunakan. Terima kasih.",2022-12-16 14:01:44,12.4.7
89ae4a74-73ce-4a72-a0b9-546d261a8b97,Harris Harto Dininggrat,https://play-lh.googleusercontent.com/a-/ALV-UjXA6_SZVNJMQJUgPaj59YEcJY3WnjKpgU_Q6ANQVYpddExuR2-L,Sons of Anarchy S1 E2 kenapa Error Kode [ERR_PB_1413] Kocak!!! Ok Udh Ter.Atasi MANTAB bintang6,5,0,,2022-12-16 03:37:36,,,
9a9a7434-70f2-498f-b1c9-12674090b93b,Ramadhan Rmd,https://play-lh.googleusercontent.com/a/ACg8ocIo72qgG7CcbSesMuhQnDXR8XmaW5LNgYZWgXtiTq05lfrS6w=mo,"Woi film Titanic kenapa dihapus anjeng!!! Percuma gue langganan, nyesel banget setan Apk sampah! Tau gini mending langganan netflix",1,0,,2022-12-15 22:44:12,,,
71ee17e6-1a3e-4056-b97f-82d0b4b48377,Iman Bhonest,https://play-lh.googleusercontent.com/a-/ALV-UjX8j0b8MLF6G7P3dGFBrxzcoMXnly2OJ4NZZHEfVMIWwSUEnYeb,"Rugi bgt udh keluar duit 39k tapi kaga bisa nnton, malah muter2 mulu film nya kaga jalan. Coba film apapun sama aja cuma muter doang.. tapi kalo trailer nya doang semua film bisa di tonton, sedangkan film nya gak ada yg bisa.. kalo trailer nya aja bisa di tonton lancar kaga mungkin masalah nya ada di kuota atau sinyal.. Rugi bgt bayar mahal cuma buat nnton trailer film.. kalo cuma trailer mah di YouTube juga bisa gratis sepuasnya",1,1,12.4.7,2022-12-15 22:21:38,"Hai Iman, mohon kirimkan email kepada kami di disneyplus.id@hotstar.com dengan nomor ponsel langganan kamu, detail perangkat (make / model), versi OS & versi aplikasi, nama konten dan tangkapan layar dari kendala yang dialami sehingga kami dapat membantu kamu. Terima kasih.",2022-12-16 14:07:26,12.4.7
b8482d23-4011-4791-9a35-5becd9c82b8b,Nona Novi,https://play-lh.googleusercontent.com/a-/ALV-UjVBlFoLIDYC8FPvRLKrMvD9jfgJOOMCX7OB7LDBNQ-IzrlGttfN4g,Makin jelek gabisa di buka filmnya,2,0,12.4.7,2022-12-15 16:19:22,"Hai Novi, mohon maaf atas ketidaknyamannya. Mohon kirimkan email kepada kami di disneyplus.id@hotstar.com dengan nomor ponsel langganan kamu, detail perangkat (merek & model), versi OS & versi aplikasi, nama konten dan tangkapan layar dari kendala yang dialami sehingga kami dapat membantu kamu. Terima kasih.",2022-12-16 13:46:13,12.4.7
a319427a-453d-49aa-a742-a262c63f9f35,Hanni Imanniar Rozana,https://play-lh.googleusercontent.com/a/ACg8ocKjwsBo_KFzIskeNZ1Wr3-qQgz_O6jl9Sy-jaWoP-V8tqh_VQ=mo,tolong perbaiki aplikasinya suka buffering padahal sinyal baik baik saja,3,0,12.4.7,2022-12-15 16:18:55,"Hai, agar kami dapat membantu mohon kirimkan email kepada kami di disneyplus.id@hotstar.com berisikan nomor telepon yang terdaftar dan nama provider jaringan yang kamu gunakan serta merek dan OS perangkat yang kamu gunakan dan foto kendala yang kamu alami. Terima kasih.",2022-12-16 13:46:57,12.4.7
8ebf14d9-cabc-47ee-941c-982a250b7afa,Mayriska Utami,https://play-lh.googleusercontent.com/a-/ALV-UjXZ6pPqE3d7NWTzaYQqprt5F7WTsoKS6lNIrjtuz7LI_ekQuHk,"Di handphone saya selalu gak bisa Terjadi masalah DRM, sudah hubungi melalui email tetapi responnya lambat",1,3,12.4.9,2022-12-15 16:02:36,,,12.4.9
7e6f6dbe-ee74-4dfe-a45f-a7f7533b4336,Andi Alfin,https://play-lh.googleusercontent.com/a/ACg8ocJXtzJsMOdr-WXq_XtXEcMO6f18X0jDOc0txqwP0Ji7mAXCDA=mo,"aplikasi yang sangat jelek, drama belum di download tapi muncul tulisan sudah di download, sangat payah",1,0,12.4.9,2022-12-15 15:43:47,"Hai, mohon kirimkan email di disneyplus.id@hotstar.com dengan menyertakan nomor telepon yang terdaftar di Disney+ Hotstar, merek dan versi OS perangkat, versi aplikasi, screenshot kendala dialami, nama jaringan yang digunakan, dan konten yang mengalami kendala. Terima kasih.",2022-12-19 14:40:38,12.4.9
a3f62ca3-931d-4158-b9e0-cbeac166c737,Waone 1124,https://play-lh.googleusercontent.com/a-/ALV-UjX4temauyaw_GX4RlEV5zkMxxDrpx9MOYXSkCuAXGvWsOYFNicf,"Kenapa menu subtitle film bahasa Indonesia hasil download film offline menghilang..? padahal jika di tonton online subtitle bahasa Indonesia tersedia..! Ini sangat merugikan pengguna, sudah susah payah mengunduh ,malah subtitle bahasa indonesia di tiadakan,apa iya harus hapus hasil download untuk menikmati film bersubtitel bahasa Indonesia,nah gak etis kan?? Mohon di koreksi bila saya salah..!!",3,0,12.4.7,2022-12-15 14:49:57,"Hai Waone, kami memohon maaf atas ketidaknyamanan yang dialami. Silahkan email kami di disneyplus.id@hotstar.com disertai info perangkat yang digunakan (jenis/model), versi OS dan screenshot kendala (jika ada) agar kami dapat menindak lanjutinya. Terima kasih.",2022-12-15 14:32:04,12.4.7
44974901-4f6c-4503-93c1-bf5b8f53e056,CUKONK RIMALANK,https://play-lh.googleusercontent.com/a-/ALV-UjX7L-7Qo3ys07Otrnp42-2uAOdHehsl45lNnTNPZatFizb3z3Yb,Bangsaatt sudah didonload malah tidak bisa di tonton,1,0,,2022-12-15 10:52:40,,,
bdea7ea4-b6c3-4543-9e76-3a55d61772cd,Mike Wowor,https://play-lh.googleusercontent.com/a-/ALV-UjVao8QgfFFkZNYc4mcXHiDaW4AjVSkyfMKhdC6Xyfy7NYJ7odKM2A,Min Lalod..,3,0,12.4.9,2022-12-15 10:36:39,,,12.4.9
6c3088fb-49fb-444e-af34-f3e44d25d28f,ikanuralfi hardiana,https://play-lh.googleusercontent.com/a/ACg8ocKRQGMN9CP56mmsnI0pGSpN6KuNqzP_FRRuU7cr9-cQhkBGkQ=mo,"Masih berlangganan 1 bulan tapi buat nonton sudah gak bisa ?? Tolong tingkatkan lagi , rugi kalo kaya gini",2,0,12.4.7,2022-12-15 09:23:14,"Hai Ikanuralfi, silahkan kirimkan email kepada kami dengan nomor langganan kamu dan screenshot nomor ID kamu di disneyplus.id@hotstar.com uraikan kendala yang anda alami dan kami akan membantu kamu secepat mungkin. Terima kasih.",2022-12-15 15:12:17,12.4.7
b9dacad7-e8f7-4f91-b4fc-86ef6384b9db,Nadia Syahputri,https://play-lh.googleusercontent.com/a/ACg8ocKYWLDHCwYCp1SMvS-Mh0tPUgv_8qvz891Uv5MR5kfP9hea4g=mo,"Lumayan menghibur sih, tp untuk pencarian susah banget nemuin yg pengen di tontonü•≤",3,0,12.4.7,2022-12-15 09:07:45,,,12.4.7
6ba35aa3-ff01-4b4b-ba67-4cf9600637ba,THE READ,https://play-lh.googleusercontent.com/a-/ALV-UjVxG5fKNQuMMVzvPTDsK5Ocxk2SzRlC_1-YsNel1uk_CzE6sE0,Knapa harus berlanggan saya tidak. Punya uang buat beranggapan Tolong jangan berlanggan,4,0,,2022-12-15 08:40:58,,,
c050f390-8487-4b7e-8da7-476efb3734f2,Manusia Dunia,https://play-lh.googleusercontent.com/a/ACg8ocKFyWaH5_pxEN7CwEpsKQoFgySEDkL_GWF4pxun9xmMt2ldOA=mo,Stuck loading apk jelek,1,0,12.4.9,2022-12-15 08:13:14,,,12.4.9
4a6d3efc-4465-4b21-afa9-27c298235b43,yasir subarkah,https://play-lh.googleusercontent.com/a-/ALV-UjV7yy-Ih2D4HDagp0U0m51c9cX5ufZqsARtJAPxpDymqbK39lBQ,",N",2,0,,2022-12-15 04:37:50,,,
06dc7296-b940-4642-b2de-81c0cb494dbf,Maria Tabitha,https://play-lh.googleusercontent.com/a-/ALV-UjXo1H0sIi98AG3TNqPH32p4o2idFxOheFzKnQOxDic5dSt4i0YJ,"Tidak dapat memasukam kode otp nyesel ,,bantuin dong gimana caranya bisa streaming lagi di tv udah bayar mahal.",1,0,12.4.7,2022-12-15 00:46:13,"Hai Maria, kami mohon maaf atas kendala yang kamu alami. Mohon untuk memeriksa koneksi jaringan telepon kamu dan pastikan bahwa nomor telepon yang dimasukkan adalah benar. Jika kendala masih berlanjut, restart ponsel kamu dan coba log in kembali. Kamu juga boleh memilih opsi lewat IVR untuk menerima OTP. Terima kasih.",2022-12-15 14:19:15,12.4.7
6df660e6-aacf-42f5-a939-dc6251a1eb1f,Budi Darmawan,https://play-lh.googleusercontent.com/a/ACg8ocLp_6EJKypFQ_oVkADhrKAf0c0MuDatGRT65XRY8EtMvnRb4Jo=mo,Kasih 3 bintang dl ya. Film2 nya di perbanyak dan di perbaharui..,3,0,12.4.7,2022-12-14 23:38:16,,,12.4.7
